# Star: sdB: Castelli & Kurucz (2004) model atmosphere, STScI CDBS ck04models. sdB (hot subdwarf B) approximated by the Teff = 30000 K, log g = 5.0, [M/H] = 0 model; low resolution (~20 A in the optical).
# wavelength[A] f_lambda[relative]
905.00 3.324000e+09
915.00 3.534000e+09
925.00 1.219000e+10
935.00 2.515000e+10
945.00 4.995000e+10
955.00 6.237000e+10
965.00 8.013000e+10
975.00 2.057000e+10
985.00 7.308000e+10
995.00 6.584000e+10
1005.00 7.243000e+10
1015.00 7.179000e+10
1025.00 3.459000e+10
1035.00 6.235000e+10
1045.00 8.309000e+10
1055.00 7.772000e+10
1065.00 6.361000e+10
1075.00 6.984000e+10
1085.00 6.260000e+10
1095.00 6.890000e+10
1105.00 6.425000e+10
1115.00 6.301000e+10
1125.00 5.056000e+10
1135.00 6.101000e+10
1145.00 5.551000e+10
1155.00 5.563000e+10
1165.00 5.407000e+10
1175.00 3.444000e+10
1185.00 4.969000e+10
1195.00 4.720000e+10
1205.00 3.983000e+10
1215.00 2.327000e+10
1225.00 4.134000e+10
1235.00 4.669000e+10
1245.00 4.511000e+10
1255.00 4.467000e+10
1265.00 4.538000e+10
1275.00 4.612000e+10
1285.00 4.567000e+10
1295.00 3.823000e+10
1305.00 3.964000e+10
1315.00 4.385000e+10
1325.00 4.116000e+10
1335.00 3.996000e+10
1345.00 3.939000e+10
1355.00 3.916000e+10
1365.00 3.658000e+10
1375.00 3.554000e+10
1385.00 3.443000e+10
1395.00 2.623000e+10
1405.00 2.765000e+10
1415.00 3.114000e+10
1425.00 2.909000e+10
1435.00 3.029000e+10
1442.00 3.074000e+10
1447.00 3.023000e+10
1455.00 2.909000e+10
1465.00 2.745000e+10
1475.00 2.757000e+10
1485.00 2.721000e+10
1495.00 2.649000e+10
1505.00 2.441000e+10
1512.00 2.260000e+10
1517.00 2.302000e+10
1525.00 2.311000e+10
1535.00 1.971000e+10
1545.00 1.858000e+10
1555.00 1.806000e+10
1565.00 1.958000e+10
1575.00 2.056000e+10
1585.00 2.051000e+10
1595.00 2.034000e+10
1605.00 1.991000e+10
1615.00 1.906000e+10
1625.00 1.918000e+10
1635.00 1.972000e+10
1645.00 1.947000e+10
1655.00 1.952000e+10
1665.00 1.940000e+10
1672.00 1.839000e+10
1677.00 2.034000e+10
1685.00 1.943000e+10
1695.00 1.855000e+10
1705.00 1.801000e+10
1715.00 1.725000e+10
1725.00 1.662000e+10
1735.00 1.714000e+10
1745.00 1.687000e+10
1755.00 1.675000e+10
1765.00 1.643000e+10
1775.00 1.562000e+10
1785.00 1.580000e+10
1795.00 1.583000e+10
1805.00 1.582000e+10
1815.00 1.470000e+10
1825.00 1.487000e+10
1835.00 1.453000e+10
1845.00 1.328000e+10
1855.00 1.350000e+10
1865.00 1.365000e+10
1875.00 1.373000e+10
1885.00 1.248000e+10
1895.00 1.173000e+10
1905.00 1.241000e+10
1915.00 1.185000e+10
1925.00 1.116000e+10
1935.00 1.182000e+10
1945.00 1.210000e+10
1955.00 1.088000e+10
1967.00 1.155000e+10
1976.00 1.206000e+10
1984.00 1.118000e+10
1995.00 1.098000e+10
2005.00 1.118000e+10
2015.00 1.113000e+10
2025.00 1.128000e+10
2035.00 1.045000e+10
2045.00 1.047000e+10
2055.00 9.654000e+09
2065.00 9.575000e+09
2074.00 9.887000e+09
2078.00 9.266000e+09
2085.00 9.496001e+09
2095.00 9.206000e+09
2105.00 9.709000e+09
2115.00 9.720001e+09
2125.00 9.743000e+09
2135.00 9.536000e+09
2145.00 9.171000e+09
2155.00 9.351000e+09
2165.00 9.190000e+09
2175.00 9.091000e+09
2185.00 8.881000e+09
2195.00 8.911000e+09
2205.00 8.807000e+09
2215.00 8.639000e+09
2225.00 8.477000e+09
2235.00 8.309000e+09
2245.00 8.292000e+09
2255.00 8.064000e+09
2265.00 8.067000e+09
2275.00 7.953000e+09
2285.00 7.841000e+09
2295.00 7.213000e+09
2305.00 7.548000e+09
2315.00 7.419000e+09
2325.00 7.336000e+09
2335.00 7.188000e+09
2345.00 7.189000e+09
2355.00 7.088000e+09
2365.00 7.001000e+09
2375.00 6.841000e+09
2385.00 6.734000e+09
2395.00 6.657000e+09
2405.00 6.578000e+09
2415.00 6.486000e+09
2425.00 6.435000e+09
2435.00 6.277000e+09
2445.00 6.236000e+09
2455.00 6.182000e+09
2465.00 6.101000e+09
2475.00 6.002000e+09
2485.00 5.893000e+09
2495.00 5.098000e+09
2505.00 5.686000e+09
2513.00 5.436000e+09
2518.00 5.574000e+09
2525.00 5.601000e+09
2535.00 5.544000e+09
2545.00 5.376000e+09
2555.00 5.356000e+09
2565.00 5.295000e+09
2575.00 5.247000e+09
2585.00 5.190000e+09
2595.00 5.126000e+09
2605.00 5.076000e+09
2615.00 5.001000e+09
2625.00 4.954000e+09
2635.00 4.895000e+09
2645.00 4.814000e+09
2655.00 4.767000e+09
2665.00 4.625000e+09
2675.00 4.592000e+09
2685.00 4.582000e+09
2695.00 4.427000e+09
2705.00 4.368000e+09
2715.00 4.347000e+09
2725.00 4.307000e+09
2735.00 4.259000e+09
2745.00 4.203000e+09
2755.00 4.171000e+09
2765.00 4.092000e+09
2775.00 4.107000e+09
2785.00 4.040000e+09
2795.00 3.899000e+09
2805.00 3.913000e+09
2815.00 3.913000e+09
2825.00 3.833000e+09
2835.00 3.725000e+09
2845.00 3.768000e+09
2855.00 3.703000e+09
2865.00 3.672000e+09
2875.00 3.629000e+09
2885.00 3.585000e+09
2895.00 3.538000e+09
2910.00 3.459000e+09
2930.00 3.404000e+09
2950.00 3.292000e+09
2970.00 3.245000e+09
2990.00 3.160000e+09
3010.00 3.059000e+09
3030.00 3.019000e+09
3050.00 2.964000e+09
3070.00 2.911000e+09
3090.00 2.801000e+09
3110.00 2.779000e+09
3130.00 2.706000e+09
3150.00 2.655000e+09
3170.00 2.589000e+09
3190.00 2.525000e+09
3210.00 2.490000e+09
3230.00 2.430000e+09
3250.00 2.389000e+09
3270.00 2.333000e+09
3290.00 2.284000e+09
3310.00 2.240000e+09
3330.00 2.188000e+09
3350.00 2.145000e+09
3370.00 2.101000e+09
3390.00 2.066000e+09
3410.00 2.024000e+09
3430.00 1.979000e+09
3450.00 1.932000e+09
3470.00 1.896000e+09
3490.00 1.858000e+09
3510.00 1.824000e+09
3530.00 1.793000e+09
3550.00 1.758000e+09
3570.00 1.734000e+09
3590.00 1.680000e+09
3610.00 1.657000e+09
3630.00 1.622000e+09
3640.00 1.622000e+09
3650.00 1.585000e+09
3670.00 1.565000e+09
3690.00 1.538000e+09
3710.00 1.482000e+09
3730.00 1.441000e+09
3750.00 1.417000e+09
3770.00 1.369000e+09
3790.00 1.405000e+09
3810.00 1.448000e+09
3830.00 1.279000e+09
3850.00 1.472000e+09
3870.00 1.476000e+09
3890.00 1.195000e+09
3910.00 1.468000e+09
3930.00 1.444000e+09
3950.00 1.406000e+09
3970.00 1.107000e+09
3990.00 1.354000e+09
4010.00 1.361000e+09
4030.00 1.276000e+09
4050.00 1.323000e+09
4070.00 1.260000e+09
4090.00 1.151000e+09
4110.00 1.026000e+09
4130.00 1.199000e+09
4150.00 1.195000e+09
4170.00 1.191000e+09
4190.00 1.173000e+09
4210.00 1.161000e+09
4230.00 1.137000e+09
4250.00 1.104000e+09
4270.00 1.075000e+09
4290.00 1.060000e+09
4310.00 1.025000e+09
4330.00 9.244000e+08
4350.00 8.492000e+08
4370.00 9.731000e+08
4390.00 9.564000e+08
4410.00 9.608000e+08
4430.00 9.537000e+08
4450.00 9.360000e+08
4470.00 8.798000e+08
4490.00 9.055000e+08
4510.00 8.975000e+08
4530.00 8.837000e+08
4550.00 8.688000e+08
4570.00 8.546000e+08
4590.00 8.393000e+08
4610.00 8.209000e+08
4630.00 8.069000e+08
4650.00 7.793000e+08
4670.00 7.837000e+08
4690.00 7.741000e+08
4710.00 7.458000e+08
4730.00 7.506000e+08
4750.00 7.380000e+08
4770.00 7.341000e+08
4790.00 7.211000e+08
4810.00 7.052000e+08
4830.00 6.874000e+08
4850.00 6.292000e+08
4870.00 5.645000e+08
4890.00 6.558000e+08
4910.00 6.527000e+08
4930.00 6.275000e+08
4950.00 6.341000e+08
4970.00 6.297000e+08
4990.00 6.196000e+08
5010.00 5.952000e+08
5030.00 6.002000e+08
5050.00 5.876000e+08
5070.00 5.843000e+08
5090.00 5.748000e+08
5110.00 5.658000e+08
5130.00 5.551000e+08
5150.00 5.477000e+08
5170.00 5.418000e+08
5190.00 5.349000e+08
5210.00 5.269000e+08
5230.00 5.196000e+08
5250.00 5.123000e+08
5270.00 5.044000e+08
5290.00 4.980000e+08
5310.00 4.909000e+08
5330.00 4.842000e+08
5350.00 4.770000e+08
5370.00 4.710000e+08
5390.00 4.641000e+08
5410.00 4.577000e+08
5430.00 4.517000e+08
5450.00 4.453000e+08
5470.00 4.392000e+08
5490.00 4.333000e+08
5510.00 4.279000e+08
5530.00 4.216000e+08
5550.00 4.165000e+08
5570.00 4.108000e+08
5590.00 4.054000e+08
5610.00 4.000000e+08
5630.00 3.949000e+08
5650.00 3.888000e+08
5670.00 3.825000e+08
5690.00 3.759000e+08
5710.00 3.733000e+08
5730.00 3.689000e+08
5750.00 3.631000e+08
5770.00 3.599000e+08
5790.00 3.550000e+08
5810.00 3.505000e+08
5830.00 3.453000e+08
5850.00 3.413000e+08
5870.00 3.258000e+08
5890.00 3.299000e+08
5910.00 3.278000e+08
5930.00 3.235000e+08
5950.00 3.193000e+08
5970.00 3.166000e+08
5990.00 3.117000e+08
6010.00 3.084000e+08
6030.00 3.042000e+08
6050.00 3.007000e+08
6070.00 2.973000e+08
6090.00 2.937000e+08
6110.00 2.900000e+08
6130.00 2.866000e+08
6150.00 2.822000e+08
6170.00 2.791000e+08
6190.00 2.761000e+08
6210.00 2.730000e+08
6230.00 2.698000e+08
6250.00 2.661000e+08
6270.00 2.631000e+08
6290.00 2.601000e+08
6310.00 2.569000e+08
6330.00 2.540000e+08
6350.00 2.507000e+08
6370.00 2.481000e+08
6390.00 2.451000e+08
6410.00 2.422000e+08
6430.00 2.395000e+08
6450.00 2.366000e+08
6470.00 2.332000e+08
6490.00 2.307000e+08
6510.00 2.278000e+08
6530.00 2.239000e+08
6550.00 2.123000e+08
6570.00 1.879000e+08
6590.00 2.137000e+08
6610.00 2.146000e+08
6630.00 2.130000e+08
6650.00 2.107000e+08
6670.00 2.059000e+08
6690.00 2.037000e+08
6710.00 2.038000e+08
6730.00 2.011000e+08
6750.00 1.994000e+08
6770.00 1.972000e+08
6790.00 1.939000e+08
6810.00 1.926000e+08
6830.00 1.905000e+08
6850.00 1.885000e+08
6870.00 1.865000e+08
6890.00 1.842000e+08
6910.00 1.820000e+08
6930.00 1.804000e+08
6950.00 1.785000e+08
6970.00 1.766000e+08
6990.00 1.747000e+08
7010.00 1.728000e+08
7030.00 1.709000e+08
7050.00 1.690000e+08
7070.00 1.645000e+08
7090.00 1.655000e+08
7110.00 1.634000e+08
7130.00 1.617000e+08
7150.00 1.603000e+08
7170.00 1.586000e+08
7190.00 1.569000e+08
7210.00 1.553000e+08
7230.00 1.519000e+08
7250.00 1.518000e+08
7270.00 1.505000e+08
7290.00 1.477000e+08
7310.00 1.473000e+08
7330.00 1.458000e+08
7350.00 1.443000e+08
7370.00 1.429000e+08
7390.00 1.414000e+08
7410.00 1.400000e+08
7430.00 1.385000e+08
7450.00 1.371000e+08
7470.00 1.353000e+08
7490.00 1.343000e+08
7510.00 1.329000e+08
7530.00 1.316000e+08
7550.00 1.304000e+08
7570.00 1.290000e+08
7590.00 1.277000e+08
7610.00 1.263000e+08
7630.00 1.252000e+08
7650.00 1.240000e+08
7670.00 1.228000e+08
7690.00 1.215000e+08
7710.00 1.203000e+08
7730.00 1.191000e+08
7750.00 1.180000e+08
7770.00 1.167000e+08
7790.00 1.157000e+08
7810.00 1.145000e+08
7830.00 1.135000e+08
7850.00 1.124000e+08
7870.00 1.112000e+08
7890.00 1.100000e+08
7910.00 1.092000e+08
7930.00 1.081000e+08
7950.00 1.071000e+08
7970.00 1.060000e+08
7990.00 1.050000e+08
8010.00 1.040000e+08
8030.00 1.030000e+08
8050.00 1.020000e+08
8070.00 1.011000e+08
8090.00 9.999000e+07
8110.00 9.867000e+07
8130.00 9.827000e+07
8150.00 9.729000e+07
8170.00 9.648000e+07
8190.00 9.520000e+07
8210.00 9.425000e+07
8230.00 9.332000e+07
8250.00 9.278000e+07
8270.00 9.125000e+07
8290.00 9.103000e+07
8310.00 9.028000e+07
8330.00 8.943000e+07
8350.00 8.827000e+07
8370.00 8.767000e+07
8390.00 8.704000e+07
8410.00 8.622000e+07
8430.00 8.545000e+07
8450.00 8.411000e+07
8470.00 8.393000e+07
8490.00 8.299000e+07
8510.00 8.232000e+07
8530.00 8.148000e+07
8550.00 8.070000e+07
8570.00 8.031000e+07
8590.00 7.834000e+07
8610.00 7.834000e+07
8630.00 7.848000e+07
8650.00 7.676000e+07
8670.00 7.491000e+07
8690.00 7.634000e+07
8710.00 7.628000e+07
8730.00 7.424000e+07
8750.00 7.051000e+07
8770.00 7.224000e+07
8790.00 7.385000e+07
8810.00 7.365000e+07
8830.00 7.242000e+07
8850.00 6.840000e+07
8870.00 6.523000e+07
8890.00 6.976000e+07
8910.00 7.061000e+07
8930.00 7.032000e+07
8950.00 6.989000e+07
8970.00 6.897000e+07
8990.00 6.658000e+07
9010.00 6.054000e+07
9030.00 6.242000e+07
9050.00 6.585000e+07
9070.00 6.559000e+07
9090.00 6.579000e+07
9110.00 6.555000e+07
9130.00 6.505000e+07
9150.00 6.444000e+07
9170.00 6.358000e+07
9190.00 6.260000e+07
9210.00 5.936000e+07
9230.00 5.334000e+07
9250.00 5.823000e+07
9270.00 6.030000e+07
9290.00 6.056000e+07
9310.00 6.001000e+07
9330.00 5.973000e+07
9350.00 5.939000e+07
9370.00 5.899000e+07
9390.00 5.852000e+07
9410.00 5.799000e+07
9430.00 5.753000e+07
9450.00 5.695000e+07
9470.00 5.608000e+07
9490.00 5.574000e+07
9510.00 5.428000e+07
9530.00 5.136000e+07
9550.00 4.634000e+07
9570.00 5.162000e+07
9590.00 5.312000e+07
9610.00 5.302000e+07
9630.00 5.256000e+07
9650.00 5.262000e+07
9670.00 5.225000e+07
9690.00 5.178000e+07
9710.00 5.115000e+07
9730.00 5.100000e+07
9750.00 5.061000e+07
9770.00 5.022000e+07
9790.00 4.981000e+07
9810.00 4.938000e+07
9830.00 4.904000e+07
9850.00 4.864000e+07
9870.00 4.823000e+07
9890.00 4.780000e+07
9910.00 4.721000e+07
9930.00 4.714000e+07
9950.00 4.672000e+07
9970.00 4.624000e+07
9990.00 4.577000e+07
10025.00 4.288000e+07
10075.00 4.143000e+07
10125.00 4.336000e+07
10175.00 4.289000e+07
10225.00 4.208000e+07
10275.00 4.131000e+07
10325.00 4.036000e+07
10375.00 3.979000e+07
10425.00 3.906000e+07
10475.00 3.834000e+07
10525.00 3.763000e+07
10575.00 3.695000e+07
10625.00 3.628000e+07
10675.00 3.555000e+07
10725.00 3.499000e+07
10775.00 3.436000e+07
10825.00 3.336000e+07
10875.00 3.289000e+07
10925.00 2.949000e+07
10975.00 3.085000e+07
11025.00 3.114000e+07
11075.00 3.082000e+07
11125.00 3.034000e+07
11175.00 2.982000e+07
11225.00 2.930000e+07
11275.00 2.880000e+07
11325.00 2.828000e+07
11375.00 2.783000e+07
11425.00 2.735000e+07
11475.00 2.690000e+07
11525.00 2.645000e+07
11575.00 2.600000e+07
11625.00 2.557000e+07
11675.00 2.513000e+07
11725.00 2.474000e+07
11775.00 2.433000e+07
11825.00 2.393000e+07
11875.00 2.355000e+07
11925.00 2.316000e+07
11975.00 2.248000e+07
12025.00 2.242000e+07
12075.00 2.206000e+07
12125.00 2.171000e+07
12175.00 2.137000e+07
12225.00 2.103000e+07
12275.00 2.070000e+07
12325.00 2.037000e+07
12375.00 2.005000e+07
12425.00 1.974000e+07
12475.00 1.942000e+07
12525.00 1.908000e+07
12575.00 1.883000e+07
12625.00 1.854000e+07
12675.00 1.826000e+07
12725.00 1.793000e+07
12775.00 1.726000e+07
12825.00 1.577000e+07
12875.00 1.695000e+07
12925.00 1.688000e+07
12975.00 1.652000e+07
13025.00 1.641000e+07
13075.00 1.618000e+07
13125.00 1.594000e+07
13175.00 1.570000e+07
13225.00 1.547000e+07
13275.00 1.525000e+07
13325.00 1.502000e+07
13375.00 1.480000e+07
13425.00 1.457000e+07
13475.00 1.438000e+07
13525.00 1.417000e+07
13575.00 1.397000e+07
13625.00 1.376000e+07
13675.00 1.358000e+07
13725.00 1.338000e+07
13775.00 1.320000e+07
13825.00 1.301000e+07
13875.00 1.283000e+07
13925.00 1.264000e+07
13975.00 1.247000e+07
14025.00 1.229000e+07
14075.00 1.213000e+07
14125.00 1.196000e+07
14175.00 1.180000e+07
14225.00 1.164000e+07
14275.00 1.148000e+07
14325.00 1.132000e+07
14375.00 1.117000e+07
14425.00 1.102000e+07
14475.00 1.087000e+07
14525.00 1.072000e+07
14570.00 1.059000e+07
14620.00 1.045000e+07
14675.00 1.030000e+07
14725.00 1.016000e+07
14775.00 1.003000e+07
14825.00 9.899000e+06
14875.00 9.770000e+06
14925.00 9.643000e+06
14975.00 9.518000e+06
15025.00 9.394000e+06
15075.00 9.254000e+06
15125.00 9.155000e+06
15175.00 9.038000e+06
15225.00 8.922000e+06
15275.00 8.808000e+06
15325.00 8.696000e+06
15375.00 8.586000e+06
15425.00 8.475000e+06
15475.00 8.370000e+06
15525.00 8.263000e+06
15575.00 8.153000e+06
15625.00 8.064000e+06
15675.00 7.947000e+06
15725.00 7.841000e+06
15775.00 7.770000e+06
15825.00 7.668000e+06
15875.00 7.519000e+06
15925.00 7.465000e+06
15975.00 7.404000e+06
16050.00 7.242000e+06
16150.00 7.026000e+06
16250.00 6.939000e+06
16350.00 6.713000e+06
16450.00 6.491000e+06
16550.00 6.468000e+06
16650.00 6.323000e+06
16750.00 6.080000e+06
16850.00 5.858000e+06
16950.00 5.886000e+06
17050.00 5.726000e+06
17150.00 5.639000e+06
17250.00 5.488000e+06
17350.00 5.139000e+06
17450.00 5.213000e+06
17550.00 5.148000e+06
17650.00 5.037000e+06
17750.00 4.925000e+06
17850.00 4.814000e+06
17950.00 4.713000e+06
18050.00 4.595000e+06
18150.00 4.291000e+06
18250.00 4.343000e+06
18350.00 4.317000e+06
18450.00 4.228000e+06
18550.00 4.134000e+06
18650.00 4.002000e+06
18750.00 3.747000e+06
18850.00 3.871000e+06
18950.00 3.804000e+06
19050.00 3.709000e+06
19150.00 3.650000e+06
19250.00 3.577000e+06
19350.00 3.480000e+06
19450.00 3.227000e+06
19550.00 3.336000e+06
19650.00 3.298000e+06
19750.00 3.233000e+06
19850.00 3.169000e+06
19950.00 3.107000e+06
20050.00 3.046000e+06
20150.00 2.987000e+06
20250.00 2.929000e+06
20350.00 2.873000e+06
20450.00 2.817000e+06
20550.00 2.758000e+06
20650.00 2.711000e+06
20750.00 2.660000e+06
20850.00 2.610000e+06
20950.00 2.561000e+06
21050.00 2.513000e+06
21150.00 2.456000e+06
21250.00 2.421000e+06
21350.00 2.376000e+06
21450.00 2.332000e+06
21550.00 2.276000e+06
21650.00 2.108000e+06
21750.00 2.184000e+06
21850.00 2.165000e+06
21950.00 2.130000e+06
22050.00 2.092000e+06
22150.00 2.055000e+06
22250.00 2.018000e+06
22350.00 1.983000e+06
22450.00 1.948000e+06
22550.00 1.914000e+06
22650.00 1.881000e+06
22750.00 1.848000e+06
22850.00 1.816000e+06
22950.00 1.785000e+06
23050.00 1.754000e+06
23150.00 1.725000e+06
23250.00 1.696000e+06
23350.00 1.667000e+06
23450.00 1.639000e+06
23550.00 1.612000e+06
23650.00 1.585000e+06
23750.00 1.559000e+06
23850.00 1.533000e+06
23950.00 1.508000e+06
24050.00 1.483000e+06
24150.00 1.459000e+06
24250.00 1.436000e+06
24350.00 1.412000e+06
24450.00 1.390000e+06
24550.00 1.367000e+06
24650.00 1.345000e+06
24750.00 1.321000e+06
24850.00 1.303000e+06
24950.00 1.282000e+06
25050.00 1.262000e+06
25150.00 1.242000e+06
25250.00 1.222000e+06
25350.00 1.204000e+06
25450.00 1.186000e+06
25550.00 1.166000e+06
25650.00 1.146000e+06
25750.00 1.131000e+06
25850.00 1.115000e+06
25950.00 1.097000e+06
26050.00 1.077000e+06
26150.00 1.049000e+06
26250.00 9.840000e+05
26350.00 1.023000e+06
26450.00 1.017000e+06
26550.00 1.001000e+06
26650.00 9.845000e+05
26750.00 9.616000e+05
26850.00 9.553000e+05
26950.00 9.460000e+05
27050.00 9.335000e+05
27150.00 9.199000e+05
27250.00 9.066000e+05
27350.00 8.929000e+05
27450.00 8.765000e+05
27550.00 8.501000e+05
27650.00 8.446000e+05
27750.00 8.410000e+05
27850.00 8.314000e+05
27950.00 8.196000e+05
28050.00 8.080000e+05
28150.00 7.967000e+05
28250.00 7.856000e+05
28350.00 7.746000e+05
28450.00 7.638000e+05
28550.00 7.508000e+05
28650.00 7.329000e+05
28750.00 7.095000e+05
28850.00 7.176000e+05
28950.00 7.118000e+05
29050.00 7.030000e+05
29150.00 6.935000e+05
29250.00 6.841000e+05
29350.00 6.749000e+05
29450.00 6.658000e+05
29550.00 6.569000e+05
29650.00 6.481000e+05
29750.00 6.395000e+05
29850.00 6.310000e+05
29950.00 6.226000e+05
30050.00 6.145000e+05
30150.00 6.056000e+05
30250.00 5.951000e+05
30350.00 5.708000e+05
30450.00 5.688000e+05
30550.00 5.728000e+05
30650.00 5.677000e+05
30750.00 5.603000e+05
30850.00 5.533000e+05
30950.00 5.464000e+05
31050.00 5.394000e+05
31150.00 5.325000e+05
31250.00 5.257000e+05
31350.00 5.191000e+05
31450.00 5.126000e+05
31550.00 5.062000e+05
31650.00 4.998000e+05
31750.00 4.936000e+05
31850.00 4.875000e+05
31950.00 4.814000e+05
32100.00 4.725000e+05
32300.00 4.610000e+05
32500.00 4.498000e+05
32700.00 4.383000e+05
32900.00 4.145000e+05
33100.00 4.134000e+05
33300.00 4.076000e+05
33500.00 3.983000e+05
33700.00 3.890000e+05
33900.00 3.800000e+05
34100.00 3.712000e+05
34300.00 3.627000e+05
34500.00 3.544000e+05
34700.00 3.463000e+05
34900.00 3.385000e+05
35100.00 3.309000e+05
35300.00 3.235000e+05
35500.00 3.163000e+05
35700.00 3.096000e+05
35900.00 3.030000e+05
36100.00 2.961000e+05
36300.00 2.898000e+05
36500.00 2.832000e+05
36700.00 2.773000e+05
36900.00 2.710000e+05
37100.00 2.646000e+05
37300.00 2.546000e+05
37500.00 2.479000e+05
37700.00 2.486000e+05
37900.00 2.439000e+05
38100.00 2.385000e+05
38300.00 2.337000e+05
38500.00 2.293000e+05
38700.00 2.246000e+05
38900.00 2.197000e+05
39100.00 2.148000e+05
39300.00 2.111000e+05
39500.00 2.070000e+05
39700.00 2.029000e+05
39900.00 1.988000e+05
40100.00 1.941000e+05
40300.00 1.896000e+05
40500.00 1.809000e+05
40700.00 1.831000e+05
40900.00 1.801000e+05
41100.00 1.766000e+05
41300.00 1.731000e+05
41500.00 1.696000e+05
41700.00 1.651000e+05
41900.00 1.631000e+05
42100.00 1.605000e+05
42300.00 1.575000e+05
42500.00 1.545000e+05
42700.00 1.517000e+05
42900.00 1.486000e+05
43100.00 1.461000e+05
43300.00 1.434000e+05
43500.00 1.406000e+05
43700.00 1.364000e+05
43900.00 1.348000e+05
44100.00 1.333000e+05
44300.00 1.309000e+05
44500.00 1.286000e+05
44700.00 1.264000e+05
44900.00 1.242000e+05
45100.00 1.220000e+05
45300.00 1.199000e+05
45500.00 1.178000e+05
45700.00 1.157000e+05
45900.00 1.137000e+05
46100.00 1.116000e+05
46300.00 1.093000e+05
46500.00 1.034000e+05
46700.00 1.033000e+05
46900.00 1.034000e+05
47100.00 1.023000e+05
47300.00 1.008000e+05
47500.00 9.916000e+04
47700.00 9.751000e+04
47900.00 9.589000e+04
48100.00 9.431000e+04
48300.00 9.276000e+04
48500.00 9.124000e+04
48700.00 8.975000e+04
48900.00 8.829000e+04
49100.00 8.686000e+04
49300.00 8.546000e+04
49500.00 8.408000e+04
49700.00 8.274000e+04
49900.00 8.142000e+04
