# Galaxy: Sb: Kinney et al. (1996) galaxy templates, STScI CDBS. Sb galaxy. Extended beyond 9950 A with constant f_nu.
# wavelength[A] f_lambda[relative]
1235.00 1.841145e-14
1240.00 1.447588e-14
1245.00 1.206507e-14
1250.00 7.714137e-15
1255.00 1.609452e-14
1260.00 1.073463e-14
1265.00 1.173815e-14
1270.00 7.585194e-15
1275.00 1.769513e-14
1280.00 9.445409e-15
1285.00 1.339814e-14
1290.00 7.505959e-15
1295.00 6.391281e-15
1300.00 7.280190e-15
1305.00 8.008658e-15
1310.00 4.526444e-15
1315.00 7.128240e-15
1320.00 3.601382e-15
1325.00 6.578962e-15
1330.00 3.069188e-15
1335.00 6.396144e-15
1340.00 1.274107e-14
1345.00 6.396980e-15
1350.00 7.847910e-15
1355.00 1.023279e-14
1360.00 8.502291e-15
1365.00 9.041365e-15
1370.00 7.753686e-15
1375.00 1.035184e-14
1380.00 1.528283e-14
1385.00 6.020367e-15
1390.00 5.657483e-15
1395.00 3.256369e-15
1400.00 5.899044e-15
1405.00 8.051555e-15
1410.00 9.465742e-15
1415.00 1.494724e-15
1420.00 5.378859e-15
1425.00 7.210814e-15
1430.00 5.416191e-15
1435.00 1.042511e-14
1440.00 1.053147e-14
1445.00 1.573273e-14
1450.00 1.141031e-14
1455.00 5.941582e-15
1460.00 1.029976e-14
1465.00 4.089178e-15
1470.00 1.294658e-14
1475.00 1.835629e-14
1480.00 1.570994e-14
1485.00 1.284933e-14
1490.00 1.485092e-14
1495.00 1.430972e-14
1500.00 7.030754e-15
1505.00 1.204084e-14
1510.00 5.927609e-15
1515.00 2.024152e-15
1520.00 1.151499e-14
1525.00 1.274263e-14
1530.00 9.294371e-15
1535.00 1.144081e-14
1540.00 9.674478e-15
1545.00 9.463775e-15
1550.00 7.996692e-15
1555.00 8.286659e-15
1560.00 2.108660e-15
1565.00 7.849577e-15
1570.00 1.195251e-14
1575.00 6.235110e-15
1580.00 8.649034e-15
1585.00 1.186047e-14
1590.00 4.991500e-15
1595.00 3.263330e-15
1600.00 1.292386e-14
1605.00 6.432145e-15
1610.00 5.216036e-15
1615.00 1.023132e-14
1620.00 2.159153e-15
1625.00 2.875658e-15
1630.00 6.986333e-15
1635.00 2.071427e-15
1640.00 4.068215e-15
1645.00 2.726925e-15
1650.00 3.892264e-15
1655.00 7.240397e-15
1660.00 1.097426e-14
1665.00 1.018513e-14
1670.00 6.148326e-15
1675.00 2.173730e-15
1680.00 7.498329e-15
1685.00 2.619804e-15
1690.00 5.722789e-15
1695.00 8.999867e-15
1700.00 6.263414e-15
1705.00 6.323601e-15
1710.00 5.721003e-15
1715.00 7.065154e-15
1720.00 1.325493e-14
1725.00 1.104930e-14
1730.00 1.054742e-14
1735.00 9.683940e-15
1740.00 1.055064e-14
1745.00 8.473627e-15
1750.00 1.015267e-14
1755.00 9.585607e-15
1760.00 7.155742e-15
1765.00 5.626854e-15
1770.00 5.506568e-15
1775.00 6.109870e-15
1780.00 9.405866e-15
1785.00 4.966003e-15
1790.00 2.838428e-15
1795.00 6.223772e-15
1800.00 6.028715e-15
1805.00 8.245378e-15
1810.00 7.149581e-15
1815.00 6.714533e-15
1820.00 7.353819e-15
1825.00 7.919127e-15
1830.00 9.532349e-15
1835.00 7.185957e-15
1840.00 5.794426e-15
1845.00 7.076933e-15
1850.00 5.779997e-15
1855.00 3.470345e-15
1860.00 9.231358e-15
1865.00 7.708175e-15
1870.00 9.565162e-15
1875.00 8.706328e-15
1880.00 7.235870e-15
1885.00 7.847311e-15
1890.00 8.887357e-15
1895.00 6.675932e-15
1900.00 6.291524e-15
1905.00 7.142197e-15
1910.00 6.456754e-15
1915.00 5.306893e-15
1920.00 4.130520e-15
1925.00 3.266569e-15
1930.00 5.225428e-15
1935.00 8.814768e-15
1940.00 1.097717e-14
1945.00 9.469519e-15
1950.00 6.429886e-15
1955.00 5.142251e-15
1960.00 6.301516e-15
1965.00 3.919757e-15
1970.00 4.480179e-15
1975.00 3.786010e-15
1980.00 2.336625e-15
1985.00 2.733985e-15
1990.00 7.803167e-15
1995.00 8.662254e-15
2000.00 2.971043e-15
2005.00 4.460907e-15
2010.00 1.012531e-14
2015.00 7.443466e-15
2020.00 6.447974e-15
2025.00 1.444643e-15
2030.00 9.427959e-15
2035.00 7.095544e-15
2040.00 2.030144e-14
2045.00 5.138561e-15
2050.00 9.008791e-15
2055.00 7.970027e-15
2060.00 1.210239e-14
2065.00 8.180078e-15
2070.00 1.272721e-14
2075.00 1.691773e-14
2080.00 7.763287e-15
2085.00 6.285994e-15
2090.00 5.133739e-15
2095.00 7.275734e-15
2100.00 6.824759e-15
2105.00 1.362724e-14
2110.00 4.371230e-15
2115.00 7.656565e-15
2120.00 3.955906e-15
2125.00 6.290365e-15
2130.00 5.479874e-15
2135.00 5.018359e-15
2140.00 1.910932e-14
2145.00 5.589393e-15
2150.00 9.168019e-15
2155.00 9.898774e-15
2160.00 9.512800e-15
2165.00 2.434057e-15
2170.00 4.421847e-15
2175.00 9.584274e-15
2180.00 5.944024e-15
2185.00 6.157537e-15
2190.00 4.816436e-15
2195.00 7.893580e-15
2200.00 8.809365e-15
2205.00 1.314903e-15
2210.00 4.446490e-15
2215.00 1.549969e-15
2220.00 7.950316e-15
2225.00 5.183754e-15
2230.00 6.871710e-15
2235.00 9.753161e-15
2240.00 1.205473e-14
2245.00 9.111056e-15
2250.00 1.266915e-14
2255.00 8.899494e-15
2260.00 5.235868e-15
2265.00 7.798698e-15
2270.00 1.058300e-14
2275.00 1.036885e-14
2280.00 1.057545e-15
2285.00 5.646823e-15
2290.00 6.345563e-15
2295.00 5.583022e-15
2300.00 3.355575e-15
2305.00 6.356480e-15
2310.00 8.003157e-15
2315.00 5.897184e-15
2320.00 4.997928e-15
2325.00 3.692976e-15
2330.00 8.879716e-15
2335.00 5.210328e-15
2340.00 3.662421e-15
2345.00 7.647423e-15
2350.00 2.580414e-15
2355.00 6.211235e-15
2360.00 7.445160e-15
2365.00 7.219491e-15
2370.00 7.356163e-15
2375.00 7.665137e-15
2380.00 2.669664e-15
2385.00 4.593843e-15
2390.00 7.448449e-15
2395.00 8.470063e-15
2400.00 8.547917e-15
2405.00 7.285477e-15
2410.00 5.470809e-15
2415.00 3.402508e-15
2420.00 4.939164e-15
2425.00 7.130433e-15
2430.00 6.577092e-15
2435.00 5.916124e-15
2440.00 6.871503e-15
2445.00 5.509085e-15
2450.00 6.507186e-15
2455.00 7.229910e-15
2460.00 5.036045e-15
2465.00 6.074874e-15
2470.00 6.541006e-15
2475.00 6.935434e-15
2480.00 6.931856e-15
2485.00 6.820451e-15
2490.00 5.282636e-15
2495.00 5.219456e-15
2500.00 6.072157e-15
2505.00 2.092872e-15
2510.00 5.686383e-15
2515.00 5.108367e-15
2520.00 4.205868e-15
2525.00 4.658158e-15
2530.00 5.487709e-15
2535.00 6.360272e-15
2540.00 5.633010e-15
2545.00 5.837294e-15
2550.00 4.065963e-15
2555.00 4.885201e-15
2560.00 5.879401e-15
2565.00 5.482251e-15
2570.00 5.917385e-15
2575.00 5.752780e-15
2580.00 5.145150e-15
2585.00 5.959316e-15
2590.00 6.247356e-15
2595.00 5.558962e-15
2600.00 5.744079e-15
2605.00 6.691532e-15
2610.00 5.636341e-15
2615.00 5.966542e-15
2620.00 7.044366e-15
2625.00 7.074824e-15
2630.00 6.539618e-15
2635.00 7.078526e-15
2640.00 7.100894e-15
2645.00 8.011294e-15
2650.00 7.855372e-15
2655.00 8.398895e-15
2660.00 7.880881e-15
2665.00 7.234858e-15
2670.00 8.681063e-15
2675.00 7.549134e-15
2680.00 6.903639e-15
2685.00 8.688461e-15
2690.00 8.848507e-15
2695.00 7.518402e-15
2700.00 7.131353e-15
2705.00 7.562085e-15
2710.00 8.166074e-15
2715.00 8.685628e-15
2720.00 7.683305e-15
2725.00 7.594465e-15
2730.00 7.731916e-15
2735.00 7.069437e-15
2740.00 6.515095e-15
2745.00 7.008879e-15
2750.00 7.227181e-15
2755.00 6.790286e-15
2760.00 6.831519e-15
2765.00 6.566099e-15
2770.00 7.138119e-15
2775.00 6.413927e-15
2780.00 6.022863e-15
2785.00 5.390994e-15
2790.00 5.094617e-15
2795.00 3.847734e-15
2800.00 4.962948e-15
2805.00 5.248632e-15
2810.00 6.185878e-15
2815.00 6.919537e-15
2820.00 8.099526e-15
2825.00 8.586232e-15
2830.00 8.826669e-15
2835.00 9.823324e-15
2840.00 9.280535e-15
2845.00 8.085890e-15
2850.00 8.866832e-15
2855.00 8.329143e-15
2860.00 8.549000e-15
2865.00 9.644978e-15
2870.00 1.044321e-14
2875.00 1.027832e-14
2880.00 1.024506e-14
2885.00 9.638693e-15
2890.00 1.031885e-14
2895.00 1.181901e-14
2900.00 1.237734e-14
2905.00 1.144145e-14
2910.00 1.167579e-14
2915.00 1.185070e-14
2920.00 1.087494e-14
2925.00 1.006147e-14
2930.00 1.026306e-14
2935.00 1.117105e-14
2940.00 1.095009e-14
2945.00 1.077445e-14
2950.00 1.083017e-14
2955.00 1.149517e-14
2960.00 1.220426e-14
2965.00 1.273287e-14
2970.00 1.237368e-14
2975.00 1.217808e-14
2980.00 1.305722e-14
2985.00 1.280813e-14
2990.00 1.176318e-14
2995.00 1.137721e-14
3000.00 1.092621e-14
3005.00 1.116922e-14
3010.00 1.083337e-14
3015.00 1.079816e-14
3020.00 1.136253e-14
3025.00 1.302821e-14
3030.00 1.336994e-14
3035.00 1.429132e-14
3040.00 1.471461e-14
3045.00 1.463945e-14
3050.00 1.403937e-14
3055.00 1.270810e-14
3060.00 1.290204e-14
3065.00 1.365582e-14
3070.00 1.188023e-14
3075.00 1.158570e-14
3080.00 1.348407e-14
3085.00 1.239056e-14
3090.00 1.327179e-14
3095.00 1.523940e-14
3100.00 1.346753e-14
3105.00 1.390869e-14
3110.00 1.681510e-14
3115.00 1.518762e-14
3120.00 1.120365e-14
3125.00 1.429363e-14
3130.00 1.608657e-14
3135.00 1.706173e-14
3140.00 2.218263e-14
3145.00 2.129419e-14
3150.00 2.046289e-14
3155.00 1.665492e-14
3160.00 1.827016e-14
3165.00 2.259541e-14
3170.00 1.822929e-14
3175.00 1.514896e-14
3180.00 1.675750e-14
3185.00 1.503623e-14
3190.00 1.616878e-14
3195.00 1.903122e-14
3200.00 1.961416e-14
3205.00 1.150666e-14
3210.00 1.071048e-14
3215.00 1.525257e-14
3220.00 1.619454e-14
3225.00 1.449862e-14
3230.00 1.273231e-14
3235.00 1.069656e-14
3240.00 1.210291e-14
3245.00 1.274980e-14
3250.00 1.595150e-14
3255.00 1.544341e-14
3260.00 1.403241e-14
3265.00 9.403045e-15
3270.00 1.141181e-14
3275.00 1.313536e-14
3280.00 1.458490e-14
3285.00 1.279025e-14
3290.00 1.323899e-14
3295.00 1.486155e-14
3300.00 1.352791e-14
3305.00 1.479258e-14
3310.00 1.437648e-14
3315.00 1.444279e-14
3320.00 1.359100e-14
3325.00 1.183372e-14
3330.00 1.288429e-14
3335.00 1.317736e-14
3340.00 1.364985e-14
3345.00 1.396332e-14
3350.00 1.341208e-14
3355.00 1.335824e-14
3360.00 1.270827e-14
3365.00 1.297362e-14
3370.00 1.253616e-14
3375.00 1.334781e-14
3380.00 1.276027e-14
3385.00 1.455761e-14
3390.00 1.292700e-14
3395.00 1.296176e-14
3400.00 1.333627e-14
3405.00 1.177371e-14
3410.00 1.183653e-14
3415.00 1.238894e-14
3420.00 1.314758e-14
3425.00 1.344710e-14
3430.00 1.347208e-14
3435.00 1.241319e-14
3440.00 1.194383e-14
3445.00 1.249810e-14
3450.00 1.285035e-14
3455.00 1.313866e-14
3460.00 1.282209e-14
3465.00 1.305555e-14
3470.00 1.386251e-14
3475.00 1.359301e-14
3480.00 1.384037e-14
3485.00 1.225168e-14
3490.00 1.260425e-14
3495.00 1.318946e-14
3500.00 1.296190e-14
3505.00 1.516223e-14
3510.00 1.527004e-14
3515.00 1.427965e-14
3520.00 1.363744e-14
3525.00 1.242812e-14
3530.00 1.213730e-14
3535.00 1.294207e-14
3540.00 1.429247e-14
3545.00 1.414202e-14
3550.00 1.344561e-14
3555.00 1.304665e-14
3560.00 1.375215e-14
3565.00 1.307482e-14
3570.00 1.252528e-14
3575.00 1.195978e-14
3580.00 1.202071e-14
3585.00 1.069366e-14
3590.00 1.256748e-14
3595.00 1.391034e-14
3600.00 1.629102e-14
3605.00 1.517438e-14
3610.00 1.349291e-14
3615.00 1.294846e-14
3620.00 1.437121e-14
3625.00 1.494069e-14
3630.00 1.602138e-14
3635.00 1.624987e-14
3640.00 1.623606e-14
3645.00 1.439307e-14
3650.00 1.361009e-14
3655.00 1.511530e-14
3660.00 1.689434e-14
3665.00 1.739079e-14
3670.00 1.674664e-14
3675.00 1.586732e-14
3680.00 1.561919e-14
3685.00 1.546487e-14
3690.00 1.549391e-14
3695.00 1.580465e-14
3700.00 1.708677e-14
3705.00 1.549917e-14
3710.00 1.464341e-14
3715.00 1.546041e-14
3720.00 1.717970e-14
3725.00 1.759210e-14
3730.00 2.060982e-14
3735.00 1.706647e-14
3740.00 1.483711e-14
3745.00 1.369792e-14
3750.00 1.335694e-14
3755.00 1.397475e-14
3760.00 1.492422e-14
3765.00 1.438626e-14
3770.00 1.530041e-14
3775.00 1.676166e-14
3780.00 1.759375e-14
3785.00 1.746308e-14
3790.00 1.666384e-14
3795.00 1.514466e-14
3800.00 1.466125e-14
3805.00 1.598828e-14
3810.00 1.755344e-14
3815.00 1.738959e-14
3820.00 1.658968e-14
3825.00 1.476439e-14
3830.00 1.388704e-14
3835.00 1.212774e-14
3840.00 1.256551e-14
3845.00 1.452857e-14
3850.00 1.576034e-14
3855.00 1.635437e-14
3860.00 1.708477e-14
3865.00 1.721467e-14
3870.00 1.751902e-14
3875.00 1.623439e-14
3880.00 1.589643e-14
3885.00 1.450398e-14
3890.00 1.468211e-14
3895.00 1.596423e-14
3900.00 1.708454e-14
3905.00 1.815503e-14
3910.00 1.946321e-14
3915.00 1.997860e-14
3920.00 1.858720e-14
3925.00 1.610909e-14
3930.00 1.365161e-14
3935.00 1.217110e-14
3940.00 1.297422e-14
3945.00 1.632035e-14
3950.00 1.871919e-14
3955.00 1.943502e-14
3960.00 1.755509e-14
3965.00 1.479068e-14
3970.00 1.215433e-14
3975.00 1.479267e-14
3980.00 1.855100e-14
3985.00 2.089799e-14
3990.00 2.312554e-14
3995.00 2.462937e-14
4000.00 2.521538e-14
4005.00 2.480217e-14
4010.00 2.481644e-14
4015.00 2.594888e-14
4020.00 2.696623e-14
4025.00 2.746610e-14
4030.00 2.675267e-14
4035.00 2.576715e-14
4040.00 2.610693e-14
4045.00 2.612246e-14
4050.00 2.564076e-14
4055.00 2.572659e-14
4060.00 2.492386e-14
4065.00 2.541689e-14
4070.00 2.524294e-14
4075.00 2.508645e-14
4080.00 2.538471e-14
4085.00 2.697020e-14
4090.00 2.633612e-14
4095.00 2.441879e-14
4100.00 2.339160e-14
4105.00 2.252640e-14
4110.00 2.401113e-14
4115.00 2.483038e-14
4120.00 2.510722e-14
4125.00 2.581775e-14
4130.00 2.640910e-14
4135.00 2.694645e-14
4140.00 2.624696e-14
4145.00 2.526251e-14
4150.00 2.573032e-14
4155.00 2.497427e-14
4160.00 2.667191e-14
4165.00 2.693500e-14
4170.00 2.639645e-14
4175.00 2.561613e-14
4180.00 2.605537e-14
4185.00 2.665531e-14
4190.00 2.736926e-14
4195.00 2.757804e-14
4200.00 2.599886e-14
4205.00 2.637095e-14
4210.00 2.721975e-14
4215.00 2.786631e-14
4220.00 2.776836e-14
4225.00 2.694570e-14
4230.00 2.648308e-14
4235.00 2.693572e-14
4240.00 2.708885e-14
4245.00 2.756627e-14
4250.00 2.745475e-14
4255.00 2.616827e-14
4260.00 2.685644e-14
4265.00 2.871681e-14
4270.00 2.826225e-14
4275.00 2.673124e-14
4280.00 2.715387e-14
4285.00 2.716413e-14
4290.00 2.630516e-14
4295.00 2.562147e-14
4300.00 2.350751e-14
4305.00 2.218347e-14
4310.00 2.267821e-14
4315.00 2.510797e-14
4320.00 2.737223e-14
4325.00 2.797912e-14
4330.00 2.754953e-14
4335.00 2.702866e-14
4340.00 2.637933e-14
4345.00 2.642355e-14
4350.00 2.750062e-14
4355.00 2.854694e-14
4360.00 2.936166e-14
4365.00 3.012396e-14
4370.00 2.992564e-14
4375.00 2.875309e-14
4380.00 2.719928e-14
4385.00 2.502186e-14
4390.00 2.500590e-14
4395.00 2.661552e-14
4400.00 2.794634e-14
4405.00 2.777540e-14
4410.00 2.794962e-14
4415.00 2.909048e-14
4420.00 2.953418e-14
4425.00 2.971722e-14
4430.00 2.953773e-14
4435.00 2.940154e-14
4440.00 2.920061e-14
4445.00 2.945149e-14
4450.00 2.987757e-14
4455.00 2.960610e-14
4460.00 2.908439e-14
4465.00 2.929929e-14
4470.00 3.015924e-14
4475.00 3.166226e-14
4480.00 3.230860e-14
4485.00 3.326891e-14
4490.00 3.215806e-14
4495.00 3.090560e-14
4500.00 3.162556e-14
4505.00 3.405021e-14
4510.00 3.489295e-14
4515.00 3.441948e-14
4520.00 3.322853e-14
4525.00 3.147540e-14
4530.00 3.018984e-14
4535.00 3.018148e-14
4540.00 3.077087e-14
4545.00 3.259110e-14
4550.00 3.257460e-14
4555.00 3.147411e-14
4560.00 3.307874e-14
4565.00 3.315072e-14
4570.00 3.351609e-14
4575.00 3.374346e-14
4580.00 3.356906e-14
4585.00 3.359904e-14
4590.00 3.429360e-14
4595.00 3.509684e-14
4600.00 3.492018e-14
4605.00 3.432328e-14
4610.00 3.388349e-14
4615.00 3.493651e-14
4620.00 3.594536e-14
4625.00 3.598792e-14
4630.00 3.574678e-14
4635.00 3.505530e-14
4640.00 3.406261e-14
4645.00 3.357377e-14
4650.00 3.385305e-14
4655.00 3.473400e-14
4660.00 3.628326e-14
4665.00 3.491816e-14
4670.00 3.443939e-14
4675.00 3.401528e-14
4680.00 3.353986e-14
4685.00 3.321170e-14
4690.00 3.339023e-14
4695.00 3.395173e-14
4700.00 3.365068e-14
4705.00 3.349362e-14
4710.00 3.337566e-14
4715.00 3.426183e-14
4720.00 3.535776e-14
4725.00 3.537254e-14
4730.00 3.497092e-14
4735.00 3.505396e-14
4740.00 3.513516e-14
4745.00 3.457025e-14
4750.00 3.607940e-14
4755.00 3.478231e-14
4760.00 3.388882e-14
4765.00 3.366669e-14
4770.00 3.422463e-14
4775.00 3.497547e-14
4780.00 3.509536e-14
4785.00 3.498461e-14
4790.00 3.547240e-14
4795.00 3.578643e-14
4800.00 3.612967e-14
4805.00 3.618291e-14
4810.00 3.618152e-14
4815.00 3.639431e-14
4820.00 3.657225e-14
4825.00 3.580988e-14
4830.00 3.513518e-14
4835.00 3.498064e-14
4840.00 3.525131e-14
4845.00 3.537520e-14
4850.00 3.516269e-14
4855.00 3.443451e-14
4860.00 3.252645e-14
4865.00 3.281822e-14
4870.00 3.129061e-14
4875.00 3.114024e-14
4880.00 3.145772e-14
4885.00 3.154379e-14
4890.00 3.172496e-14
4895.00 3.298480e-14
4900.00 3.510029e-14
4905.00 3.583344e-14
4910.00 3.565254e-14
4915.00 3.551778e-14
4920.00 3.497334e-14
4925.00 3.347726e-14
4930.00 3.401895e-14
4935.00 3.370348e-14
4940.00 3.412780e-14
4945.00 3.490080e-14
4950.00 3.575335e-14
4955.00 3.596836e-14
4960.00 3.448099e-14
4965.00 3.403181e-14
4970.00 3.404549e-14
4975.00 3.396691e-14
4980.00 3.314634e-14
4985.00 3.238741e-14
4990.00 3.326499e-14
4995.00 3.373471e-14
5000.00 3.402036e-14
5005.00 3.411775e-14
5010.00 3.395359e-14
5015.00 3.345814e-14
5020.00 3.279462e-14
5025.00 3.328518e-14
5030.00 3.435233e-14
5035.00 3.426302e-14
5040.00 3.376167e-14
5045.00 3.368465e-14
5050.00 3.433259e-14
5055.00 3.401765e-14
5060.00 3.482115e-14
5065.00 3.562920e-14
5070.00 3.569192e-14
5075.00 3.468913e-14
5080.00 3.293507e-14
5085.00 3.407510e-14
5090.00 3.451836e-14
5095.00 3.463410e-14
5100.00 3.441851e-14
5105.00 3.403727e-14
5110.00 3.486848e-14
5115.00 3.521322e-14
5120.00 3.520896e-14
5125.00 3.433198e-14
5130.00 3.334872e-14
5135.00 3.454335e-14
5140.00 3.354761e-14
5145.00 3.371538e-14
5150.00 3.395955e-14
5155.00 3.374774e-14
5160.00 3.302875e-14
5165.00 3.280885e-14
5170.00 2.983918e-14
5175.00 2.916666e-14
5180.00 3.023666e-14
5185.00 3.116160e-14
5190.00 3.153662e-14
5195.00 3.302495e-14
5200.00 3.445325e-14
5205.00 3.496390e-14
5210.00 3.425306e-14
5215.00 3.351162e-14
5220.00 3.428067e-14
5225.00 3.370422e-14
5230.00 3.355545e-14
5235.00 3.507245e-14
5240.00 3.572581e-14
5245.00 3.616329e-14
5250.00 3.562669e-14
5255.00 3.499489e-14
5260.00 3.482513e-14
5265.00 3.289534e-14
5270.00 3.125140e-14
5275.00 3.248041e-14
5280.00 3.489300e-14
5285.00 3.596653e-14
5290.00 3.712294e-14
5295.00 3.694003e-14
5300.00 3.662910e-14
5305.00 3.681747e-14
5310.00 3.791564e-14
5315.00 3.709960e-14
5320.00 3.685947e-14
5325.00 3.628689e-14
5330.00 3.530411e-14
5335.00 3.553617e-14
5340.00 3.559116e-14
5345.00 3.579498e-14
5350.00 3.642784e-14
5355.00 3.763157e-14
5360.00 3.786761e-14
5365.00 3.722617e-14
5370.00 3.648914e-14
5375.00 3.604187e-14
5380.00 3.608122e-14
5385.00 3.749040e-14
5390.00 3.724983e-14
5395.00 3.646393e-14
5400.00 3.667281e-14
5405.00 3.675640e-14
5410.00 3.697952e-14
5415.00 3.705754e-14
5420.00 3.696127e-14
5425.00 3.716154e-14
5430.00 3.730586e-14
5435.00 3.685181e-14
5440.00 3.660870e-14
5445.00 3.831949e-14
5450.00 3.807113e-14
5455.00 3.775705e-14
5460.00 3.745983e-14
5465.00 3.716330e-14
5470.00 3.688680e-14
5475.00 3.670525e-14
5480.00 3.627946e-14
5485.00 3.556924e-14
5490.00 3.587581e-14
5495.00 3.696637e-14
5500.00 3.746460e-14
5505.00 3.704506e-14
5510.00 3.656326e-14
5515.00 3.659774e-14
5520.00 3.674383e-14
5525.00 3.662530e-14
5530.00 3.534997e-14
5535.00 3.603500e-14
5540.00 3.727573e-14
5545.00 3.828121e-14
5550.00 3.764413e-14
5555.00 3.706991e-14
5560.00 3.662493e-14
5565.00 3.659801e-14
5570.00 3.767946e-14
5575.00 3.755823e-14
5580.00 3.680515e-14
5585.00 3.584869e-14
5590.00 3.553911e-14
5595.00 3.558500e-14
5600.00 3.566850e-14
5605.00 3.600061e-14
5610.00 3.735640e-14
5615.00 3.831538e-14
5620.00 3.865069e-14
5625.00 3.830541e-14
5630.00 3.719618e-14
5635.00 3.728699e-14
5640.00 3.709315e-14
5645.00 3.643043e-14
5650.00 3.687832e-14
5655.00 3.688537e-14
5660.00 3.641921e-14
5665.00 3.560586e-14
5670.00 3.705714e-14
5675.00 3.743181e-14
5680.00 3.769471e-14
5685.00 3.864193e-14
5690.00 3.930810e-14
5695.00 3.905280e-14
5700.00 3.816870e-14
5705.00 3.710394e-14
5710.00 3.657127e-14
5715.00 3.708554e-14
5720.00 3.844701e-14
5725.00 3.949385e-14
5730.00 3.986278e-14
5735.00 4.014736e-14
5740.00 4.051228e-14
5745.00 3.878595e-14
5750.00 3.867553e-14
5755.00 3.893935e-14
5760.00 3.803249e-14
5765.00 3.822558e-14
5770.00 3.891617e-14
5775.00 3.978573e-14
5780.00 3.963139e-14
5785.00 3.920693e-14
5790.00 3.888202e-14
5795.00 3.887181e-14
5800.00 3.962674e-14
5805.00 3.920199e-14
5810.00 3.822187e-14
5815.00 3.821917e-14
5820.00 3.837268e-14
5825.00 3.897877e-14
5830.00 4.015254e-14
5835.00 4.093794e-14
5840.00 4.023781e-14
5845.00 3.915928e-14
5850.00 3.979272e-14
5855.00 4.019183e-14
5860.00 4.033073e-14
5865.00 4.018531e-14
5870.00 4.006576e-14
5875.00 3.980838e-14
5880.00 3.945445e-14
5885.00 3.905868e-14
5890.00 3.561621e-14
5895.00 3.292632e-14
5900.00 3.259764e-14
5905.00 3.533657e-14
5910.00 3.663880e-14
5915.00 3.678902e-14
5920.00 3.701084e-14
5925.00 3.633494e-14
5930.00 3.594956e-14
5935.00 3.693249e-14
5940.00 3.800367e-14
5945.00 3.842564e-14
5950.00 3.808859e-14
5955.00 3.747170e-14
5960.00 3.804706e-14
5965.00 3.901116e-14
5970.00 3.852091e-14
5975.00 3.793442e-14
5980.00 3.700697e-14
5985.00 3.545145e-14
5990.00 3.663340e-14
5995.00 3.707224e-14
6000.00 3.633570e-14
6005.00 3.686231e-14
6010.00 3.614122e-14
6015.00 3.494407e-14
6020.00 3.593408e-14
6025.00 3.661117e-14
6030.00 3.686022e-14
6035.00 3.628348e-14
6040.00 3.683376e-14
6045.00 3.744053e-14
6050.00 3.773594e-14
6055.00 3.875054e-14
6060.00 3.891787e-14
6065.00 3.809396e-14
6070.00 3.713599e-14
6075.00 3.698286e-14
6080.00 3.724703e-14
6085.00 3.614186e-14
6090.00 3.703572e-14
6095.00 3.817589e-14
6100.00 3.623181e-14
6105.00 3.682273e-14
6110.00 3.803423e-14
6115.00 3.857270e-14
6120.00 3.850345e-14
6125.00 3.816013e-14
6130.00 3.756214e-14
6135.00 3.683497e-14
6140.00 3.662850e-14
6145.00 3.718460e-14
6150.00 3.623023e-14
6155.00 3.567415e-14
6160.00 3.567159e-14
6165.00 3.466006e-14
6170.00 3.365242e-14
6175.00 3.279622e-14
6180.00 3.525799e-14
6185.00 3.643487e-14
6190.00 3.665328e-14
6195.00 3.735138e-14
6200.00 3.766232e-14
6205.00 3.752220e-14
6210.00 3.587561e-14
6215.00 3.532967e-14
6220.00 3.541737e-14
6225.00 3.534663e-14
6230.00 3.529475e-14
6235.00 3.524044e-14
6240.00 3.511604e-14
6245.00 3.511215e-14
6250.00 3.531283e-14
6255.00 3.624011e-14
6260.00 3.665556e-14
6265.00 3.687759e-14
6270.00 3.740887e-14
6275.00 3.792926e-14
6280.00 3.831428e-14
6285.00 3.803468e-14
6290.00 3.842046e-14
6295.00 3.902138e-14
6300.00 3.890023e-14
6305.00 3.857332e-14
6310.00 3.813873e-14
6315.00 3.774096e-14
6320.00 3.789532e-14
6325.00 3.835243e-14
6330.00 3.853257e-14
6335.00 3.817888e-14
6340.00 3.752749e-14
6345.00 3.773483e-14
6350.00 3.793632e-14
6355.00 3.812928e-14
6360.00 3.821445e-14
6365.00 3.837179e-14
6370.00 3.859789e-14
6375.00 3.936347e-14
6380.00 3.986153e-14
6385.00 4.003802e-14
6390.00 3.943057e-14
6395.00 3.911135e-14
6400.00 3.930508e-14
6405.00 3.917316e-14
6410.00 3.894601e-14
6415.00 3.862683e-14
6420.00 3.872510e-14
6425.00 3.880449e-14
6430.00 3.853983e-14
6435.00 3.882428e-14
6440.00 3.924708e-14
6445.00 3.935414e-14
6450.00 3.915065e-14
6455.00 3.887064e-14
6460.00 3.953307e-14
6465.00 3.930989e-14
6470.00 3.835752e-14
6475.00 3.904732e-14
6480.00 3.927691e-14
6485.00 3.894063e-14
6490.00 3.825833e-14
6495.00 3.772918e-14
6500.00 3.757023e-14
6505.00 3.812004e-14
6510.00 3.875773e-14
6515.00 3.904343e-14
6520.00 3.915880e-14
6525.00 3.922145e-14
6530.00 3.954953e-14
6535.00 3.997811e-14
6540.00 4.049097e-14
6545.00 4.075864e-14
6550.00 4.079661e-14
6555.00 4.051288e-14
6560.00 4.326809e-14
6565.00 4.491437e-14
6570.00 4.203128e-14
6575.00 4.132588e-14
6580.00 4.176993e-14
6585.00 4.369667e-14
6590.00 4.237310e-14
6595.00 3.835120e-14
6600.00 3.789755e-14
6605.00 3.790504e-14
6610.00 3.845145e-14
6615.00 3.892523e-14
6620.00 3.907068e-14
6625.00 3.811903e-14
6630.00 3.769462e-14
6635.00 3.759487e-14
6640.00 3.793018e-14
6645.00 3.810762e-14
6650.00 3.809775e-14
6655.00 3.812312e-14
6660.00 3.807817e-14
6665.00 3.782934e-14
6670.00 3.801603e-14
6675.00 3.833186e-14
6680.00 3.770643e-14
6685.00 3.756139e-14
6690.00 3.794136e-14
6695.00 3.778127e-14
6700.00 3.767502e-14
6705.00 3.791345e-14
6710.00 3.873438e-14
6715.00 3.976863e-14
6720.00 3.965651e-14
6725.00 3.985686e-14
6730.00 4.043637e-14
6735.00 3.965562e-14
6740.00 3.874713e-14
6745.00 3.827742e-14
6750.00 3.764066e-14
6755.00 3.689903e-14
6760.00 3.728666e-14
6765.00 3.751794e-14
6770.00 3.748348e-14
6775.00 3.761017e-14
6780.00 3.779721e-14
6785.00 3.804036e-14
6790.00 3.802125e-14
6795.00 3.774968e-14
6800.00 3.790542e-14
6805.00 3.809076e-14
6810.00 3.819698e-14
6815.00 3.838636e-14
6820.00 3.862559e-14
6825.00 3.799082e-14
6830.00 3.759899e-14
6835.00 3.765716e-14
6840.00 3.744386e-14
6845.00 3.715384e-14
6850.00 3.717264e-14
6855.00 3.719699e-14
6860.00 3.722833e-14
6865.00 3.738119e-14
6870.00 3.756915e-14
6875.00 3.778288e-14
6880.00 3.784735e-14
6885.00 3.776846e-14
6890.00 3.826680e-14
6895.00 3.878608e-14
6900.00 3.904171e-14
6905.00 3.943779e-14
6910.00 3.994424e-14
6915.00 3.942375e-14
6920.00 3.888872e-14
6925.00 3.863064e-14
6930.00 3.853805e-14
6935.00 3.855976e-14
6940.00 3.883535e-14
6945.00 3.898138e-14
6950.00 3.872650e-14
6955.00 3.888170e-14
6960.00 3.930323e-14
6965.00 3.943671e-14
6970.00 3.939611e-14
6975.00 3.893919e-14
6980.00 3.876454e-14
6985.00 3.877644e-14
6990.00 3.909251e-14
6995.00 3.923750e-14
7000.00 3.882099e-14
7005.00 3.878119e-14
7010.00 3.901394e-14
7015.00 3.880473e-14
7020.00 3.864149e-14
7025.00 3.880613e-14
7030.00 3.885730e-14
7035.00 3.881215e-14
7040.00 3.948885e-14
7045.00 4.003651e-14
7050.00 3.936603e-14
7055.00 3.858380e-14
7060.00 3.768172e-14
7065.00 3.725091e-14
7070.00 3.700321e-14
7075.00 3.729154e-14
7080.00 3.725919e-14
7085.00 3.675815e-14
7090.00 3.639209e-14
7095.00 3.608361e-14
7100.00 3.594123e-14
7105.00 3.593074e-14
7110.00 3.621277e-14
7115.00 3.635207e-14
7120.00 3.639957e-14
7125.00 3.573574e-14
7130.00 3.517284e-14
7135.00 3.532045e-14
7140.00 3.535249e-14
7145.00 3.526443e-14
7150.00 3.575467e-14
7155.00 3.635972e-14
7160.00 3.628334e-14
7165.00 3.612268e-14
7170.00 3.580713e-14
7175.00 3.594012e-14
7180.00 3.632931e-14
7185.00 3.545345e-14
7190.00 3.478089e-14
7195.00 3.540673e-14
7200.00 3.593703e-14
7205.00 3.636146e-14
7210.00 3.589663e-14
7215.00 3.516437e-14
7220.00 3.576939e-14
7225.00 3.631010e-14
7230.00 3.669678e-14
7235.00 3.676917e-14
7240.00 3.659711e-14
7245.00 3.659624e-14
7250.00 3.663591e-14
7255.00 3.672666e-14
7260.00 3.691794e-14
7265.00 3.729068e-14
7270.00 3.752351e-14
7275.00 3.766958e-14
7280.00 3.697677e-14
7285.00 3.632469e-14
7290.00 3.670917e-14
7295.00 3.707518e-14
7300.00 3.741224e-14
7305.00 3.797767e-14
7310.00 3.867198e-14
7315.00 3.833346e-14
7320.00 3.793394e-14
7325.00 3.795508e-14
7330.00 3.803118e-14
7335.00 3.819589e-14
7340.00 3.838073e-14
7345.00 3.857744e-14
7350.00 3.804255e-14
7355.00 3.747317e-14
7360.00 3.752356e-14
7365.00 3.773106e-14
7370.00 3.823581e-14
7375.00 3.870375e-14
7380.00 3.914506e-14
7385.00 3.884455e-14
7390.00 3.842014e-14
7395.00 3.890652e-14
7400.00 3.924028e-14
7405.00 3.917441e-14
7410.00 3.892471e-14
7415.00 3.849298e-14
7420.00 3.830783e-14
7425.00 3.821522e-14
7430.00 3.862826e-14
7435.00 3.903605e-14
7440.00 3.929192e-14
7445.00 3.939567e-14
7450.00 3.926085e-14
7455.00 3.956310e-14
7460.00 4.014954e-14
7465.00 3.970657e-14
7470.00 3.906678e-14
7475.00 3.928641e-14
7480.00 3.948613e-14
7485.00 3.962398e-14
7490.00 3.951660e-14
7495.00 3.910945e-14
7500.00 3.893362e-14
7505.00 3.887930e-14
7510.00 3.858995e-14
7515.00 3.829279e-14
7520.00 3.846493e-14
7525.00 3.855033e-14
7530.00 3.838764e-14
7535.00 3.835784e-14
7540.00 3.848592e-14
7545.00 3.849048e-14
7550.00 3.842888e-14
7555.00 3.833947e-14
7560.00 3.824544e-14
7565.00 3.816307e-14
7570.00 3.807893e-14
7575.00 3.798831e-14
7580.00 3.794752e-14
7585.00 3.797865e-14
7590.00 3.802934e-14
7595.00 3.809342e-14
7600.00 3.753791e-14
7605.00 3.680260e-14
7610.00 3.759175e-14
7615.00 3.824174e-14
7620.00 3.750111e-14
7625.00 3.720608e-14
7630.00 3.791246e-14
7635.00 3.819266e-14
7640.00 3.801349e-14
7645.00 3.767747e-14
7650.00 3.725775e-14
7655.00 3.679636e-14
7660.00 3.632632e-14
7665.00 3.600645e-14
7670.00 3.577036e-14
7675.00 3.599008e-14
7680.00 3.629721e-14
7685.00 3.679630e-14
7690.00 3.667217e-14
7695.00 3.585543e-14
7700.00 3.592412e-14
7705.00 3.650922e-14
7710.00 3.676604e-14
7715.00 3.693389e-14
7720.00 3.665175e-14
7725.00 3.642811e-14
7730.00 3.707308e-14
7735.00 3.754758e-14
7740.00 3.748513e-14
7745.00 3.723241e-14
7750.00 3.667871e-14
7755.00 3.670351e-14
7760.00 3.724017e-14
7765.00 3.734961e-14
7770.00 3.725210e-14
7775.00 3.759894e-14
7780.00 3.804757e-14
7785.00 3.739148e-14
7790.00 3.677946e-14
7795.00 3.722570e-14
7800.00 3.762412e-14
7805.00 3.785396e-14
7810.00 3.802193e-14
7815.00 3.807567e-14
7820.00 3.808981e-14
7825.00 3.806112e-14
7830.00 3.780938e-14
7835.00 3.741335e-14
7840.00 3.706963e-14
7845.00 3.674545e-14
7850.00 3.691721e-14
7855.00 3.717432e-14
7860.00 3.736702e-14
7865.00 3.754986e-14
7870.00 3.765403e-14
7875.00 3.769079e-14
7880.00 3.746723e-14
7885.00 3.713964e-14
7890.00 3.658959e-14
7895.00 3.642276e-14
7900.00 3.676352e-14
7905.00 3.681339e-14
7910.00 3.661439e-14
7915.00 3.621641e-14
7920.00 3.570938e-14
7925.00 3.594291e-14
7930.00 3.642467e-14
7935.00 3.589610e-14
7940.00 3.519081e-14
7945.00 3.566426e-14
7950.00 3.616995e-14
7955.00 3.609860e-14
7960.00 3.613209e-14
7965.00 3.680329e-14
7970.00 3.725914e-14
7975.00 3.701264e-14
7980.00 3.686516e-14
7985.00 3.692325e-14
7990.00 3.704269e-14
7995.00 3.724926e-14
8000.00 3.757458e-14
8005.00 3.801936e-14
8010.00 3.853918e-14
8015.00 3.911264e-14
8020.00 3.916624e-14
8025.00 3.895629e-14
8030.00 3.842501e-14
8035.00 3.778281e-14
8040.00 3.796739e-14
8045.00 3.833509e-14
8050.00 3.790321e-14
8055.00 3.737596e-14
8060.00 3.746897e-14
8065.00 3.756758e-14
8070.00 3.720525e-14
8075.00 3.688702e-14
8080.00 3.695092e-14
8085.00 3.698406e-14
8090.00 3.686408e-14
8095.00 3.675028e-14
8100.00 3.665684e-14
8105.00 3.662671e-14
8110.00 3.675084e-14
8115.00 3.709182e-14
8120.00 3.783703e-14
8125.00 3.841276e-14
8130.00 3.873930e-14
8135.00 3.888550e-14
8140.00 3.881837e-14
8145.00 3.858848e-14
8150.00 3.820186e-14
8155.00 3.855545e-14
8160.00 3.949418e-14
8165.00 3.981637e-14
8170.00 3.973444e-14
8175.00 3.941962e-14
8180.00 3.897869e-14
8185.00 3.823528e-14
8190.00 3.735674e-14
8195.00 3.713359e-14
8200.00 3.715404e-14
8205.00 3.712542e-14
8210.00 3.708194e-14
8215.00 3.676629e-14
8220.00 3.638351e-14
8225.00 3.692856e-14
8230.00 3.765899e-14
8235.00 3.779314e-14
8240.00 3.783272e-14
8245.00 3.804538e-14
8250.00 3.827898e-14
8255.00 3.821439e-14
8260.00 3.812238e-14
8265.00 3.805128e-14
8270.00 3.798163e-14
8275.00 3.765433e-14
8280.00 3.731652e-14
8285.00 3.769087e-14
8290.00 3.808096e-14
8295.00 3.776490e-14
8300.00 3.744310e-14
8305.00 3.697053e-14
8310.00 3.651927e-14
8315.00 3.721414e-14
8320.00 3.786713e-14
8325.00 3.701597e-14
8330.00 3.619400e-14
8335.00 3.621823e-14
8340.00 3.623678e-14
8345.00 3.610517e-14
8350.00 3.597347e-14
8355.00 3.583607e-14
8360.00 3.572912e-14
8365.00 3.640348e-14
8370.00 3.705111e-14
8375.00 3.696613e-14
8380.00 3.687263e-14
8385.00 3.647949e-14
8390.00 3.610238e-14
8395.00 3.649096e-14
8400.00 3.687986e-14
8405.00 3.734848e-14
8410.00 3.781656e-14
8415.00 3.727135e-14
8420.00 3.672380e-14
8425.00 3.637907e-14
8430.00 3.603865e-14
8435.00 3.589682e-14
8440.00 3.576267e-14
8445.00 3.591080e-14
8450.00 3.607562e-14
8455.00 3.632417e-14
8460.00 3.657962e-14
8465.00 3.620438e-14
8470.00 3.575607e-14
8475.00 3.583773e-14
8480.00 3.600018e-14
8485.00 3.580346e-14
8490.00 3.553746e-14
8495.00 3.448799e-14
8500.00 3.325081e-14
8505.00 3.398193e-14
8510.00 3.529572e-14
8515.00 3.550839e-14
8520.00 3.532092e-14
8525.00 3.520608e-14
8530.00 3.512332e-14
8535.00 3.333532e-14
8540.00 3.063955e-14
8545.00 3.036763e-14
8550.00 3.165704e-14
8555.00 3.339352e-14
8560.00 3.548027e-14
8565.00 3.643915e-14
8570.00 3.632027e-14
8575.00 3.642621e-14
8580.00 3.679646e-14
8585.00 3.729781e-14
8590.00 3.799164e-14
8595.00 3.838798e-14
8600.00 3.822752e-14
8605.00 3.800362e-14
8610.00 3.762333e-14
8615.00 3.733627e-14
8620.00 3.736502e-14
8625.00 3.743437e-14
8630.00 3.771173e-14
8635.00 3.795162e-14
8640.00 3.784491e-14
8645.00 3.773054e-14
8650.00 3.733533e-14
8655.00 3.694058e-14
8660.00 3.479206e-14
8665.00 3.256432e-14
8670.00 3.367956e-14
8675.00 3.524171e-14
8680.00 3.566450e-14
8685.00 3.581187e-14
8690.00 3.610701e-14
8695.00 3.645771e-14
8700.00 3.700291e-14
8705.00 3.765500e-14
8710.00 3.799734e-14
8715.00 3.809696e-14
8720.00 3.811368e-14
8725.00 3.803827e-14
8730.00 3.811756e-14
8735.00 3.844528e-14
8740.00 3.834071e-14
8745.00 3.718954e-14
8750.00 3.639927e-14
8755.00 3.706334e-14
8760.00 3.766629e-14
8765.00 3.773704e-14
8770.00 3.780806e-14
8775.00 3.804788e-14
8780.00 3.828742e-14
8785.00 3.807538e-14
8790.00 3.781392e-14
8795.00 3.966248e-14
8800.00 4.204641e-14
8805.00 4.086558e-14
8810.00 3.808986e-14
8815.00 3.720800e-14
8820.00 3.768742e-14
8825.00 3.802448e-14
8830.00 3.820077e-14
8835.00 3.828684e-14
8840.00 3.820939e-14
8845.00 3.829569e-14
8850.00 3.890368e-14
8855.00 3.935811e-14
8860.00 3.868654e-14
8865.00 3.801572e-14
8870.00 3.734326e-14
8875.00 3.667155e-14
8880.00 3.696416e-14
8885.00 3.739672e-14
8890.00 3.773919e-14
8895.00 3.805082e-14
8900.00 3.792374e-14
8905.00 3.752483e-14
8910.00 3.723250e-14
8915.00 3.705351e-14
8920.00 3.712265e-14
8925.00 3.765191e-14
8930.00 3.816675e-14
8935.00 3.863001e-14
8940.00 3.897944e-14
8945.00 3.790372e-14
8950.00 3.682920e-14
8955.00 3.745766e-14
8960.00 3.821022e-14
8965.00 3.804426e-14
8970.00 3.762869e-14
8975.00 3.773448e-14
8980.00 3.813442e-14
8985.00 3.849139e-14
8990.00 3.880356e-14
8995.00 3.894263e-14
9000.00 3.874178e-14
9005.00 3.845783e-14
9010.00 3.779505e-14
9015.00 3.714331e-14
9020.00 3.694037e-14
9025.00 3.673767e-14
9030.00 3.729324e-14
9035.00 3.796898e-14
9040.00 3.823290e-14
9045.00 3.832028e-14
9050.00 3.851607e-14
9055.00 3.880642e-14
9060.00 3.893345e-14
9065.00 3.877791e-14
9070.00 3.865243e-14
9075.00 3.865010e-14
9080.00 3.862204e-14
9085.00 3.747571e-14
9090.00 3.633064e-14
9095.00 3.673939e-14
9100.00 3.743037e-14
9105.00 3.783800e-14
9110.00 3.810454e-14
9115.00 3.822314e-14
9120.00 3.818598e-14
9125.00 3.812559e-14
9130.00 3.801186e-14
9135.00 3.793885e-14
9140.00 3.817157e-14
9145.00 3.840403e-14
9150.00 3.817919e-14
9155.00 3.791891e-14
9160.00 3.822010e-14
9165.00 3.872180e-14
9170.00 3.869152e-14
9175.00 3.821313e-14
9180.00 3.794429e-14
9185.00 3.807117e-14
9190.00 3.811652e-14
9195.00 3.768408e-14
9200.00 3.725210e-14
9205.00 3.684649e-14
9210.00 3.644285e-14
9215.00 3.593269e-14
9220.00 3.538537e-14
9225.00 3.490417e-14
9230.00 3.448107e-14
9235.00 3.440632e-14
9240.00 3.506877e-14
9245.00 3.541080e-14
9250.00 3.311362e-14
9255.00 3.081894e-14
9260.00 3.297135e-14
9265.00 3.565388e-14
9270.00 3.693697e-14
9275.00 3.754722e-14
9280.00 3.717048e-14
9285.00 3.561280e-14
9290.00 3.454284e-14
9295.00 3.509255e-14
9300.00 3.564033e-14
9305.00 3.593410e-14
9310.00 3.622756e-14
9315.00 3.650839e-14
9320.00 3.678539e-14
9325.00 3.707663e-14
9330.00 3.737965e-14
9335.00 3.735120e-14
9340.00 3.659004e-14
9345.00 3.578930e-14
9350.00 3.449018e-14
9355.00 3.319245e-14
9360.00 3.734760e-14
9365.00 4.256919e-14
9370.00 4.227645e-14
9375.00 3.821994e-14
9380.00 3.541414e-14
9385.00 3.494077e-14
9390.00 3.418705e-14
9395.00 3.094550e-14
9400.00 2.770740e-14
9405.00 3.025810e-14
9410.00 3.381402e-14
9415.00 3.516375e-14
9420.00 3.503977e-14
9425.00 3.456870e-14
9430.00 3.343327e-14
9435.00 3.249524e-14
9440.00 3.367020e-14
9445.00 3.484391e-14
9450.00 3.499139e-14
9455.00 3.492052e-14
9460.00 3.528754e-14
9465.00 3.599640e-14
9470.00 3.608045e-14
9475.00 3.467464e-14
9480.00 3.333515e-14
9485.00 3.448372e-14
9490.00 3.563109e-14
9495.00 3.582572e-14
9500.00 3.570970e-14
9505.00 3.571567e-14
9510.00 3.585427e-14
9515.00 3.592280e-14
9520.00 3.571476e-14
9525.00 3.550694e-14
9530.00 3.624316e-14
9535.00 3.705943e-14
9540.00 3.659038e-14
9545.00 3.539550e-14
9550.00 3.473841e-14
9555.00 3.506269e-14
9560.00 3.535404e-14
9565.00 3.518300e-14
9570.00 3.501214e-14
9575.00 3.557696e-14
9580.00 3.635555e-14
9585.00 3.665835e-14
9590.00 3.644831e-14
9595.00 3.617351e-14
9600.00 3.561246e-14
9605.00 3.505200e-14
9610.00 3.613592e-14
9615.00 3.743024e-14
9620.00 3.714814e-14
9625.00 3.574669e-14
9630.00 3.497810e-14
9635.00 3.584195e-14
9640.00 3.670490e-14
9645.00 3.630604e-14
9650.00 3.587112e-14
9655.00 3.574355e-14
9660.00 3.577264e-14
9665.00 3.605567e-14
9670.00 3.681100e-14
9675.00 3.752416e-14
9680.00 3.702408e-14
9685.00 3.652451e-14
9690.00 3.625256e-14
9695.00 3.607144e-14
9700.00 3.578412e-14
9705.00 3.533339e-14
9710.00 3.494395e-14
9715.00 3.536132e-14
9720.00 3.577826e-14
9725.00 3.609998e-14
9730.00 3.638854e-14
9735.00 3.616072e-14
9740.00 3.520088e-14
9745.00 3.433500e-14
9750.00 3.452369e-14
9755.00 3.471219e-14
9760.00 3.515086e-14
9765.00 3.567416e-14
9770.00 3.541231e-14
9775.00 3.401014e-14
9780.00 3.286352e-14
9785.00 3.525537e-14
9790.00 3.764477e-14
9795.00 3.802628e-14
9800.00 3.764188e-14
9805.00 3.556971e-14
9810.00 3.070613e-14
9815.00 2.611853e-14
9820.00 3.103180e-14
9825.00 3.594008e-14
9830.00 3.748458e-14
9835.00 3.740969e-14
9840.00 3.720127e-14
9845.00 3.670969e-14
9850.00 3.621859e-14
9855.00 3.739951e-14
9860.00 3.864361e-14
9865.00 3.821807e-14
9870.00 3.669385e-14
9875.00 3.553691e-14
9880.00 3.554718e-14
9885.00 3.555744e-14
9890.00 3.301411e-14
9895.00 3.010155e-14
9900.00 3.021333e-14
9905.00 3.329570e-14
9910.00 3.599884e-14
9915.00 3.624051e-14
9920.00 3.648194e-14
9925.00 3.657659e-14
9930.00 3.662419e-14
9935.00 3.079703e-14
9940.00 1.539077e-14
9945.00 0.000000e+00
9950.00 0.000000e+00
9960.00 3.549220e-14
9970.00 3.542104e-14
9980.00 3.535009e-14
9990.00 3.527935e-14
10000.00 3.520883e-14
10010.00 3.513852e-14
10020.00 3.506841e-14
10030.00 3.499852e-14
10040.00 3.492884e-14
10050.00 3.485936e-14
10060.00 3.479009e-14
10070.00 3.472103e-14
10080.00 3.465218e-14
10090.00 3.458352e-14
10100.00 3.451507e-14
10110.00 3.444683e-14
10120.00 3.437879e-14
10130.00 3.431094e-14
10140.00 3.424330e-14
10150.00 3.417586e-14
10160.00 3.410862e-14
10170.00 3.404158e-14
10180.00 3.397473e-14
10190.00 3.390808e-14
10200.00 3.384163e-14
10210.00 3.377537e-14
10220.00 3.370930e-14
10230.00 3.364343e-14
10240.00 3.357775e-14
10250.00 3.351227e-14
10260.00 3.344697e-14
10270.00 3.338187e-14
10280.00 3.331696e-14
10290.00 3.325223e-14
10300.00 3.318770e-14
10310.00 3.312335e-14
10320.00 3.305919e-14
10330.00 3.299521e-14
10340.00 3.293142e-14
10350.00 3.286782e-14
10360.00 3.280440e-14
10370.00 3.274116e-14
10380.00 3.267810e-14
10390.00 3.261523e-14
10400.00 3.255254e-14
10410.00 3.249003e-14
10420.00 3.242770e-14
10430.00 3.236555e-14
10440.00 3.230357e-14
10450.00 3.224178e-14
10460.00 3.218016e-14
10470.00 3.211872e-14
10480.00 3.205745e-14
10490.00 3.199636e-14
10500.00 3.193544e-14
10510.00 3.187470e-14
10520.00 3.181413e-14
10530.00 3.175374e-14
10540.00 3.169351e-14
10550.00 3.163346e-14
10560.00 3.157357e-14
10570.00 3.151386e-14
10580.00 3.145431e-14
10590.00 3.139494e-14
10600.00 3.133573e-14
10610.00 3.127669e-14
10620.00 3.121782e-14
10630.00 3.115911e-14
10640.00 3.110057e-14
10650.00 3.104219e-14
10660.00 3.098398e-14
10670.00 3.092593e-14
10680.00 3.086804e-14
10690.00 3.081032e-14
10700.00 3.075275e-14
10710.00 3.069535e-14
10720.00 3.063811e-14
10730.00 3.058103e-14
10740.00 3.052411e-14
10750.00 3.046735e-14
10760.00 3.041074e-14
10770.00 3.035430e-14
10780.00 3.029801e-14
10790.00 3.024187e-14
10800.00 3.018589e-14
10810.00 3.013007e-14
10820.00 3.007441e-14
10830.00 3.001889e-14
10840.00 2.996353e-14
10850.00 2.990832e-14
10860.00 2.985327e-14
10870.00 2.979837e-14
10880.00 2.974362e-14
10890.00 2.968902e-14
10900.00 2.963457e-14
10910.00 2.958027e-14
10920.00 2.952611e-14
10930.00 2.947211e-14
10940.00 2.941826e-14
10950.00 2.936455e-14
10960.00 2.931099e-14
10970.00 2.925757e-14
10980.00 2.920431e-14
10990.00 2.915118e-14
11000.00 2.909820e-14
