# Galaxy: S0: Kinney et al. (1996) galaxy templates, STScI CDBS. S0 galaxy. Extended beyond 9970 A with constant f_nu.
# wavelength[A] f_lambda[relative]
1235.00 6.068856e-15
1240.00 4.538799e-15
1245.00 3.103350e-15
1250.00 1.421254e-15
1255.00 2.096114e-15
1260.00 2.290616e-15
1265.00 1.800566e-15
1270.00 1.319256e-15
1275.00 1.512067e-15
1280.00 2.065977e-15
1285.00 3.305601e-15
1290.00 1.107009e-15
1295.00 1.308600e-15
1300.00 1.184887e-15
1305.00 5.971097e-16
1310.00 1.835214e-15
1315.00 1.789624e-15
1320.00 2.147136e-15
1325.00 1.586463e-15
1330.00 3.818143e-16
1335.00 8.808364e-17
1340.00 1.357618e-15
1345.00 7.675242e-16
1350.00 2.305858e-16
1355.00 1.007340e-15
1360.00 9.565740e-16
1365.00 1.431897e-15
1370.00 1.432391e-15
1375.00 9.220909e-16
1380.00 1.835379e-15
1385.00 2.623250e-15
1390.00 2.614887e-15
1395.00 1.654649e-15
1400.00 1.437800e-15
1405.00 7.346135e-16
1410.00 5.097906e-16
1415.00 5.992978e-16
1420.00 2.664774e-16
1425.00 1.954462e-16
1430.00 1.155677e-15
1435.00 9.914089e-16
1440.00 1.478052e-15
1445.00 1.950372e-15
1450.00 1.518229e-15
1455.00 1.609838e-15
1460.00 2.533601e-15
1465.00 1.327049e-15
1470.00 1.300831e-15
1475.00 1.307269e-15
1480.00 1.482829e-15
1485.00 7.599394e-16
1490.00 1.845270e-15
1495.00 1.096815e-15
1500.00 4.361006e-16
1505.00 1.452708e-15
1510.00 2.461647e-15
1515.00 2.170281e-15
1520.00 8.981580e-16
1525.00 7.306613e-17
1530.00 1.844969e-16
1535.00 5.296776e-16
1540.00 2.119059e-15
1545.00 2.136046e-15
1550.00 9.550645e-16
1555.00 1.696341e-15
1560.00 3.407619e-16
1565.00 7.381619e-16
1570.00 1.116167e-15
1575.00 7.498288e-16
1580.00 1.109210e-15
1585.00 7.522452e-16
1590.00 1.053294e-15
1595.00 1.985191e-15
1600.00 2.410960e-15
1605.00 8.708490e-16
1610.00 8.286901e-16
1615.00 1.609784e-15
1620.00 1.454938e-15
1625.00 5.102461e-16
1630.00 3.853215e-16
1635.00 1.928050e-16
1640.00 1.770840e-15
1645.00 9.847642e-16
1650.00 8.093672e-16
1655.00 2.930330e-15
1660.00 1.273505e-15
1665.00 2.109527e-15
1670.00 8.276452e-16
1675.00 1.088073e-15
1680.00 8.724092e-16
1685.00 1.422460e-16
1690.00 4.529843e-16
1695.00 1.168521e-15
1700.00 6.833696e-16
1705.00 1.013572e-15
1710.00 9.434042e-16
1715.00 1.317624e-15
1720.00 1.188533e-15
1725.00 2.240485e-15
1730.00 1.831253e-15
1735.00 2.442202e-16
1740.00 2.472705e-15
1745.00 2.634096e-15
1750.00 1.596905e-15
1755.00 1.612968e-15
1760.00 1.293652e-15
1765.00 1.193149e-15
1770.00 1.536174e-15
1775.00 7.353933e-16
1780.00 5.075651e-16
1785.00 5.200688e-16
1790.00 6.083585e-16
1795.00 6.787470e-16
1800.00 5.896062e-16
1805.00 9.196484e-16
1810.00 2.251209e-15
1815.00 2.145323e-15
1820.00 1.699432e-15
1825.00 1.013996e-15
1830.00 1.233485e-15
1835.00 9.121597e-16
1840.00 1.201716e-15
1845.00 1.400430e-15
1850.00 1.076002e-15
1855.00 8.092176e-16
1860.00 3.358159e-16
1865.00 5.897327e-16
1870.00 1.064815e-15
1875.00 1.547424e-15
1880.00 1.758566e-15
1885.00 1.298462e-15
1890.00 1.637610e-15
1895.00 1.682081e-15
1900.00 1.036017e-15
1905.00 1.774639e-15
1910.00 1.277448e-15
1915.00 5.457238e-16
1920.00 8.245287e-16
1925.00 9.991590e-16
1930.00 4.236583e-16
1935.00 1.339148e-16
1940.00 6.427252e-16
1945.00 1.223609e-15
1950.00 1.189001e-15
1955.00 6.800263e-16
1960.00 7.827238e-16
1965.00 1.927398e-15
1970.00 4.357442e-15
1975.00 1.816793e-15
1980.00 7.082308e-16
1985.00 1.732336e-15
1990.00 2.690265e-15
1995.00 2.228128e-15
2000.00 8.632058e-16
2005.00 1.169008e-15
2010.00 1.535845e-15
2015.00 5.122987e-16
2020.00 2.592742e-15
2025.00 1.838293e-15
2030.00 1.474276e-15
2035.00 2.426385e-15
2040.00 1.784738e-15
2045.00 2.440962e-15
2050.00 2.313346e-15
2055.00 2.748765e-15
2060.00 1.652099e-15
2065.00 1.085142e-15
2070.00 1.287157e-15
2075.00 1.826831e-15
2080.00 2.363637e-15
2085.00 2.080403e-15
2090.00 1.552441e-15
2095.00 1.069558e-15
2100.00 8.174907e-16
2105.00 1.675721e-15
2110.00 2.617190e-15
2115.00 1.215137e-15
2120.00 8.858536e-16
2125.00 2.194260e-15
2130.00 2.666116e-15
2135.00 2.606729e-15
2140.00 8.778933e-16
2145.00 2.160946e-15
2150.00 1.999462e-15
2155.00 5.981367e-16
2160.00 8.980842e-16
2165.00 9.156132e-16
2170.00 1.954770e-15
2175.00 2.367359e-15
2180.00 3.137672e-15
2185.00 3.351949e-15
2190.00 4.004841e-15
2195.00 3.168571e-15
2200.00 3.385682e-15
2205.00 2.785599e-15
2210.00 2.671331e-15
2215.00 2.528184e-15
2220.00 2.327616e-15
2225.00 1.543478e-15
2230.00 3.353566e-15
2235.00 2.715203e-15
2240.00 2.189208e-15
2245.00 3.624321e-15
2250.00 2.481498e-15
2255.00 3.399816e-15
2260.00 1.982417e-15
2265.00 1.593904e-15
2270.00 8.846766e-16
2275.00 1.761590e-15
2280.00 2.592298e-16
2285.00 1.467250e-15
2290.00 1.408187e-15
2295.00 2.448547e-15
2300.00 2.410095e-15
2305.00 1.580595e-15
2310.00 2.307716e-15
2315.00 1.718197e-15
2320.00 7.810610e-16
2325.00 1.993957e-15
2330.00 2.376026e-15
2335.00 1.329339e-15
2340.00 2.240073e-15
2345.00 1.946626e-15
2350.00 1.317652e-15
2355.00 6.733516e-16
2360.00 1.156021e-15
2365.00 9.850204e-16
2370.00 1.489891e-15
2375.00 1.740018e-15
2380.00 2.286527e-15
2385.00 1.030405e-15
2390.00 1.705462e-15
2395.00 2.606225e-15
2400.00 2.037077e-15
2405.00 1.196834e-15
2410.00 1.215610e-15
2415.00 1.549912e-15
2420.00 2.374257e-15
2425.00 2.280903e-15
2430.00 2.288547e-15
2435.00 1.594705e-15
2440.00 2.098055e-15
2445.00 1.711084e-15
2450.00 9.719914e-16
2455.00 1.858451e-15
2460.00 2.342212e-15
2465.00 1.782601e-15
2470.00 1.752113e-15
2475.00 2.047900e-15
2480.00 1.558924e-15
2485.00 1.127046e-15
2490.00 1.553746e-15
2495.00 1.427325e-15
2500.00 1.895384e-15
2505.00 1.702803e-15
2510.00 1.518080e-15
2515.00 8.475992e-16
2520.00 8.808239e-16
2525.00 1.282765e-15
2530.00 1.411173e-15
2535.00 1.494870e-15
2540.00 1.502697e-15
2545.00 8.980508e-16
2550.00 1.026819e-15
2555.00 1.866894e-15
2560.00 1.918044e-15
2565.00 1.760903e-15
2570.00 1.240671e-15
2575.00 1.686700e-15
2580.00 2.298331e-15
2585.00 2.410770e-15
2590.00 1.654768e-15
2595.00 1.551316e-15
2600.00 2.346333e-15
2605.00 2.105665e-15
2610.00 2.142252e-15
2615.00 2.185274e-15
2620.00 2.254605e-15
2625.00 2.292255e-15
2630.00 2.136214e-15
2635.00 2.129012e-15
2640.00 3.011515e-15
2645.00 3.439612e-15
2650.00 3.830798e-15
2655.00 3.324785e-15
2660.00 3.025506e-15
2665.00 3.045011e-15
2670.00 2.954210e-15
2675.00 3.226670e-15
2680.00 3.289157e-15
2685.00 3.017400e-15
2690.00 2.687438e-15
2695.00 2.895066e-15
2700.00 3.161630e-15
2705.00 3.574557e-15
2710.00 3.618264e-15
2715.00 3.174140e-15
2720.00 3.041423e-15
2725.00 2.739718e-15
2730.00 2.545866e-15
2735.00 2.783097e-15
2740.00 2.849366e-15
2745.00 2.393104e-15
2750.00 2.431290e-15
2755.00 2.619788e-15
2760.00 2.610380e-15
2765.00 2.926993e-15
2770.00 3.123820e-15
2775.00 3.021133e-15
2780.00 2.959201e-15
2785.00 2.895891e-15
2790.00 2.400343e-15
2795.00 1.821987e-15
2800.00 1.778331e-15
2805.00 2.132564e-15
2810.00 2.608892e-15
2815.00 2.924524e-15
2820.00 3.362527e-15
2825.00 3.696764e-15
2830.00 3.864185e-15
2835.00 3.829320e-15
2840.00 3.397493e-15
2845.00 2.677741e-15
2850.00 2.210968e-15
2855.00 2.244166e-15
2860.00 2.830376e-15
2865.00 3.250758e-15
2870.00 3.539745e-15
2875.00 3.888325e-15
2880.00 3.869194e-15
2885.00 3.986283e-15
2890.00 4.708895e-15
2895.00 5.220274e-15
2900.00 5.426186e-15
2905.00 5.544314e-15
2910.00 6.166839e-15
2915.00 6.127182e-15
2920.00 5.891309e-15
2925.00 5.667596e-15
2930.00 5.123957e-15
2935.00 5.166918e-15
2940.00 4.895984e-15
2945.00 5.607945e-15
2950.00 5.540058e-15
2955.00 5.414715e-15
2960.00 5.809649e-15
2965.00 5.881506e-15
2970.00 5.716454e-15
2975.00 6.138742e-15
2980.00 6.115419e-15
2985.00 5.757071e-15
2990.00 5.768332e-15
2995.00 5.219986e-15
3000.00 4.743592e-15
3005.00 4.689127e-15
3010.00 4.928980e-15
3015.00 5.459617e-15
3020.00 5.685388e-15
3025.00 5.193465e-15
3030.00 5.772015e-15
3035.00 6.517597e-15
3040.00 6.595590e-15
3045.00 6.036777e-15
3050.00 5.570595e-15
3055.00 6.264464e-15
3060.00 6.013926e-15
3065.00 5.975288e-15
3070.00 7.153121e-15
3075.00 7.502341e-15
3080.00 7.630319e-15
3085.00 7.564883e-15
3090.00 6.797255e-15
3095.00 6.261578e-15
3100.00 6.081310e-15
3105.00 6.201817e-15
3110.00 6.850080e-15
3115.00 7.769400e-15
3120.00 8.275785e-15
3125.00 7.948729e-15
3130.00 7.859856e-15
3135.00 7.987402e-15
3140.00 7.852942e-15
3145.00 8.408822e-15
3150.00 8.703397e-15
3155.00 8.286697e-15
3160.00 9.007019e-15
3165.00 9.229545e-15
3170.00 9.461243e-15
3175.00 1.029526e-14
3180.00 9.223579e-15
3185.00 1.021090e-14
3190.00 1.013906e-14
3195.00 9.198979e-15
3200.00 1.028288e-14
3205.00 6.421222e-15
3210.00 5.665507e-15
3215.00 7.379432e-15
3220.00 9.216865e-15
3225.00 8.745377e-15
3230.00 6.953054e-15
3235.00 5.180627e-15
3240.00 6.290023e-15
3245.00 8.250777e-15
3250.00 8.240457e-15
3255.00 7.474950e-15
3260.00 7.589639e-15
3265.00 8.209667e-15
3270.00 8.807651e-15
3275.00 7.746599e-15
3280.00 6.322530e-15
3285.00 6.450284e-15
3290.00 1.025514e-14
3295.00 1.139964e-14
3300.00 1.158275e-14
3305.00 1.183392e-14
3310.00 1.124130e-14
3315.00 1.183504e-14
3320.00 1.079959e-14
3325.00 8.823774e-15
3330.00 9.316889e-15
3335.00 9.092445e-15
3340.00 8.439711e-15
3345.00 8.245925e-15
3350.00 9.282583e-15
3355.00 9.097806e-15
3360.00 7.506466e-15
3365.00 6.406338e-15
3370.00 6.768246e-15
3375.00 7.261476e-15
3380.00 6.137839e-15
3385.00 5.847311e-15
3390.00 7.656554e-15
3395.00 8.811447e-15
3400.00 8.992214e-15
3405.00 8.734567e-15
3410.00 7.614288e-15
3415.00 6.937462e-15
3420.00 7.922262e-15
3425.00 9.174122e-15
3430.00 9.802287e-15
3435.00 8.253357e-15
3440.00 7.040227e-15
3445.00 6.689104e-15
3450.00 6.762515e-15
3455.00 7.169911e-15
3460.00 7.426301e-15
3465.00 7.311795e-15
3470.00 7.440474e-15
3475.00 7.196826e-15
3480.00 7.214416e-15
3485.00 8.334526e-15
3490.00 8.787657e-15
3495.00 8.317745e-15
3500.00 8.290868e-15
3505.00 9.295550e-15
3510.00 1.004036e-14
3515.00 9.893263e-15
3520.00 9.245852e-15
3525.00 8.644230e-15
3530.00 9.097589e-15
3535.00 1.058384e-14
3540.00 1.132711e-14
3545.00 1.136893e-14
3550.00 1.042656e-14
3555.00 9.098005e-15
3560.00 7.741759e-15
3565.00 7.171908e-15
3570.00 7.428913e-15
3575.00 7.742976e-15
3580.00 7.755938e-15
3585.00 8.044981e-15
3590.00 8.729809e-15
3595.00 9.313833e-15
3600.00 9.687072e-15
3605.00 9.442324e-15
3610.00 9.367755e-15
3615.00 1.083314e-14
3620.00 1.262275e-14
3625.00 1.173278e-14
3630.00 1.002851e-14
3635.00 9.217475e-15
3640.00 9.285965e-15
3645.00 9.577103e-15
3650.00 1.007433e-14
3655.00 1.133444e-14
3660.00 1.233594e-14
3665.00 1.267531e-14
3670.00 1.283419e-14
3675.00 1.322269e-14
3680.00 1.360707e-14
3685.00 1.335032e-14
3690.00 1.228219e-14
3695.00 1.154509e-14
3700.00 1.175781e-14
3705.00 1.174204e-14
3710.00 1.188744e-14
3715.00 1.218211e-14
3720.00 1.132611e-14
3725.00 1.077157e-14
3730.00 1.172928e-14
3735.00 1.081659e-14
3740.00 9.456963e-15
3745.00 8.462394e-15
3750.00 8.370246e-15
3755.00 9.303083e-15
3760.00 9.995164e-15
3765.00 9.971513e-15
3770.00 1.069908e-14
3775.00 1.263524e-14
3780.00 1.339407e-14
3785.00 1.299871e-14
3790.00 1.181207e-14
3795.00 1.071585e-14
3800.00 1.057965e-14
3805.00 1.082048e-14
3810.00 1.092167e-14
3815.00 1.064993e-14
3820.00 9.657073e-15
3825.00 8.427619e-15
3830.00 7.504477e-15
3835.00 7.005610e-15
3840.00 6.981978e-15
3845.00 7.738541e-15
3850.00 8.770371e-15
3855.00 9.029746e-15
3860.00 8.840103e-15
3865.00 9.131810e-15
3870.00 9.527243e-15
3875.00 9.539448e-15
3880.00 9.721106e-15
3885.00 9.948900e-15
3890.00 1.119277e-14
3895.00 1.292552e-14
3900.00 1.327775e-14
3905.00 1.319781e-14
3910.00 1.356123e-14
3915.00 1.363244e-14
3920.00 1.235115e-14
3925.00 1.031598e-14
3930.00 8.134532e-15
3935.00 6.345272e-15
3940.00 6.643497e-15
3945.00 9.125815e-15
3950.00 1.191108e-14
3955.00 1.344034e-14
3960.00 1.255060e-14
3965.00 1.002203e-14
3970.00 8.573532e-15
3975.00 1.029436e-14
3980.00 1.321709e-14
3985.00 1.582363e-14
3990.00 1.775479e-14
3995.00 1.888576e-14
4000.00 1.929894e-14
4005.00 2.002687e-14
4010.00 2.097415e-14
4015.00 2.138243e-14
4020.00 2.142733e-14
4025.00 2.139218e-14
4030.00 2.097389e-14
4035.00 2.023370e-14
4040.00 1.971487e-14
4045.00 1.942503e-14
4050.00 1.955262e-14
4055.00 1.981007e-14
4060.00 1.912994e-14
4065.00 1.894500e-14
4070.00 1.947563e-14
4075.00 1.985839e-14
4080.00 2.035938e-14
4085.00 2.158731e-14
4090.00 2.251433e-14
4095.00 2.150693e-14
4100.00 1.998759e-14
4105.00 1.899405e-14
4110.00 2.001374e-14
4115.00 2.139119e-14
4120.00 2.218909e-14
4125.00 2.143712e-14
4130.00 2.037508e-14
4135.00 1.984915e-14
4140.00 2.043972e-14
4145.00 2.002774e-14
4150.00 1.909659e-14
4155.00 1.911260e-14
4160.00 1.967102e-14
4165.00 1.979822e-14
4170.00 1.935396e-14
4175.00 1.913151e-14
4180.00 1.937839e-14
4185.00 2.008528e-14
4190.00 2.029698e-14
4195.00 1.981860e-14
4200.00 1.966049e-14
4205.00 2.040978e-14
4210.00 2.132250e-14
4215.00 2.168659e-14
4220.00 2.197117e-14
4225.00 2.142422e-14
4230.00 2.093319e-14
4235.00 2.128127e-14
4240.00 2.216363e-14
4245.00 2.303750e-14
4250.00 2.252938e-14
4255.00 2.217734e-14
4260.00 2.261068e-14
4265.00 2.371251e-14
4270.00 2.258246e-14
4275.00 2.069870e-14
4280.00 2.140703e-14
4285.00 2.228582e-14
4290.00 2.150147e-14
4295.00 2.009768e-14
4300.00 1.872714e-14
4305.00 1.767483e-14
4310.00 1.825878e-14
4315.00 2.109132e-14
4320.00 2.374079e-14
4325.00 2.485807e-14
4330.00 2.549123e-14
4335.00 2.582817e-14
4340.00 2.555478e-14
4345.00 2.538633e-14
4350.00 2.573051e-14
4355.00 2.636778e-14
4360.00 2.718460e-14
4365.00 2.770479e-14
4370.00 2.729456e-14
4375.00 2.604021e-14
4380.00 2.463549e-14
4385.00 2.386832e-14
4390.00 2.433251e-14
4395.00 2.567831e-14
4400.00 2.622524e-14
4405.00 2.552359e-14
4410.00 2.586715e-14
4415.00 2.704632e-14
4420.00 2.809557e-14
4425.00 2.844457e-14
4430.00 2.853380e-14
4435.00 2.876839e-14
4440.00 2.926668e-14
4445.00 2.965564e-14
4450.00 2.939183e-14
4455.00 2.860075e-14
4460.00 2.806056e-14
4465.00 2.831717e-14
4470.00 2.935233e-14
4475.00 3.064224e-14
4480.00 3.134691e-14
4485.00 3.089861e-14
4490.00 3.026759e-14
4495.00 3.008588e-14
4500.00 3.137078e-14
4505.00 3.328774e-14
4510.00 3.461776e-14
4515.00 3.462847e-14
4520.00 3.315524e-14
4525.00 3.096465e-14
4530.00 2.938861e-14
4535.00 2.922194e-14
4540.00 3.018017e-14
4545.00 3.134088e-14
4550.00 3.136932e-14
4555.00 3.141141e-14
4560.00 3.261186e-14
4565.00 3.379258e-14
4570.00 3.409674e-14
4575.00 3.345533e-14
4580.00 3.258801e-14
4585.00 3.242381e-14
4590.00 3.286449e-14
4595.00 3.287232e-14
4600.00 3.242980e-14
4605.00 3.277015e-14
4610.00 3.367758e-14
4615.00 3.426077e-14
4620.00 3.423586e-14
4625.00 3.368650e-14
4630.00 3.339799e-14
4635.00 3.310105e-14
4640.00 3.240689e-14
4645.00 3.162455e-14
4650.00 3.128535e-14
4655.00 3.147379e-14
4660.00 3.220356e-14
4665.00 3.152842e-14
4670.00 3.106999e-14
4675.00 3.101432e-14
4680.00 3.091035e-14
4685.00 3.057046e-14
4690.00 3.029593e-14
4695.00 3.032849e-14
4700.00 3.028642e-14
4705.00 3.062009e-14
4710.00 3.066228e-14
4715.00 3.064068e-14
4720.00 3.107983e-14
4725.00 3.159159e-14
4730.00 3.191158e-14
4735.00 3.218906e-14
4740.00 3.261684e-14
4745.00 3.286995e-14
4750.00 3.323908e-14
4755.00 3.327675e-14
4760.00 3.280370e-14
4765.00 3.237072e-14
4770.00 3.263477e-14
4775.00 3.349836e-14
4780.00 3.416663e-14
4785.00 3.407510e-14
4790.00 3.358239e-14
4795.00 3.382107e-14
4800.00 3.402262e-14
4805.00 3.418959e-14
4810.00 3.433580e-14
4815.00 3.448042e-14
4820.00 3.459457e-14
4825.00 3.437518e-14
4830.00 3.380151e-14
4835.00 3.351746e-14
4840.00 3.383771e-14
4845.00 3.387230e-14
4850.00 3.315283e-14
4855.00 3.186423e-14
4860.00 3.039655e-14
4865.00 2.970030e-14
4870.00 3.056477e-14
4875.00 3.174613e-14
4880.00 3.248258e-14
4885.00 3.240485e-14
4890.00 3.195098e-14
4895.00 3.255276e-14
4900.00 3.360571e-14
4905.00 3.384129e-14
4910.00 3.384411e-14
4915.00 3.364254e-14
4920.00 3.341491e-14
4925.00 3.347993e-14
4930.00 3.392945e-14
4935.00 3.366488e-14
4940.00 3.383228e-14
4945.00 3.450829e-14
4950.00 3.517489e-14
4955.00 3.529933e-14
4960.00 3.476462e-14
4965.00 3.410519e-14
4970.00 3.409013e-14
4975.00 3.387907e-14
4980.00 3.336795e-14
4985.00 3.295121e-14
4990.00 3.315252e-14
4995.00 3.341058e-14
5000.00 3.303689e-14
5005.00 3.294152e-14
5010.00 3.276783e-14
5015.00 3.224435e-14
5020.00 3.145647e-14
5025.00 3.116614e-14
5030.00 3.187872e-14
5035.00 3.207205e-14
5040.00 3.183626e-14
5045.00 3.170079e-14
5050.00 3.225168e-14
5055.00 3.313177e-14
5060.00 3.355793e-14
5065.00 3.332816e-14
5070.00 3.294509e-14
5075.00 3.270306e-14
5080.00 3.237161e-14
5085.00 3.213224e-14
5090.00 3.249196e-14
5095.00 3.250362e-14
5100.00 3.213999e-14
5105.00 3.182250e-14
5110.00 3.209564e-14
5115.00 3.250108e-14
5120.00 3.256120e-14
5125.00 3.202588e-14
5130.00 3.132572e-14
5135.00 3.163535e-14
5140.00 3.198671e-14
5145.00 3.183618e-14
5150.00 3.164869e-14
5155.00 3.152827e-14
5160.00 3.128163e-14
5165.00 2.999588e-14
5170.00 2.801063e-14
5175.00 2.688257e-14
5180.00 2.670420e-14
5185.00 2.723673e-14
5190.00 2.886289e-14
5195.00 3.088861e-14
5200.00 3.217588e-14
5205.00 3.248112e-14
5210.00 3.213105e-14
5215.00 3.271648e-14
5220.00 3.350057e-14
5225.00 3.384502e-14
5230.00 3.394296e-14
5235.00 3.420293e-14
5240.00 3.540377e-14
5245.00 3.580384e-14
5250.00 3.574513e-14
5255.00 3.535232e-14
5260.00 3.466984e-14
5265.00 3.340023e-14
5270.00 3.262510e-14
5275.00 3.311108e-14
5280.00 3.457546e-14
5285.00 3.637008e-14
5290.00 3.747357e-14
5295.00 3.726974e-14
5300.00 3.710762e-14
5305.00 3.752269e-14
5310.00 3.868211e-14
5315.00 3.904185e-14
5320.00 3.880309e-14
5325.00 3.757631e-14
5330.00 3.573161e-14
5335.00 3.532621e-14
5340.00 3.582807e-14
5345.00 3.649884e-14
5350.00 3.748274e-14
5355.00 3.895442e-14
5360.00 3.978880e-14
5365.00 3.918741e-14
5370.00 3.814768e-14
5375.00 3.746234e-14
5380.00 3.824377e-14
5385.00 3.834135e-14
5390.00 3.767351e-14
5395.00 3.678137e-14
5400.00 3.626959e-14
5405.00 3.574559e-14
5410.00 3.620143e-14
5415.00 3.716348e-14
5420.00 3.814393e-14
5425.00 3.806509e-14
5430.00 3.752593e-14
5435.00 3.744847e-14
5440.00 3.781782e-14
5445.00 3.825387e-14
5450.00 3.747384e-14
5455.00 3.701664e-14
5460.00 3.685200e-14
5465.00 3.686959e-14
5470.00 3.739885e-14
5475.00 3.780942e-14
5480.00 3.798581e-14
5485.00 3.789323e-14
5490.00 3.779453e-14
5495.00 3.769586e-14
5500.00 3.759718e-14
5505.00 3.746646e-14
5510.00 3.715820e-14
5515.00 3.659394e-14
5520.00 3.646531e-14
5525.00 3.666451e-14
5530.00 3.630218e-14
5535.00 3.692515e-14
5540.00 3.779789e-14
5545.00 3.857020e-14
5550.00 3.867273e-14
5555.00 3.890466e-14
5560.00 3.921860e-14
5565.00 3.945377e-14
5570.00 3.923751e-14
5575.00 3.877725e-14
5580.00 3.834843e-14
5585.00 3.796947e-14
5590.00 3.759516e-14
5595.00 3.751028e-14
5600.00 3.757734e-14
5605.00 3.775771e-14
5610.00 3.800962e-14
5615.00 3.785430e-14
5620.00 3.770279e-14
5625.00 3.763650e-14
5630.00 3.765731e-14
5635.00 3.780794e-14
5640.00 3.786729e-14
5645.00 3.783392e-14
5650.00 3.811554e-14
5655.00 3.823089e-14
5660.00 3.827847e-14
5665.00 3.831383e-14
5670.00 3.855172e-14
5675.00 3.866030e-14
5680.00 3.869668e-14
5685.00 3.870105e-14
5690.00 3.865225e-14
5695.00 3.849128e-14
5700.00 3.806311e-14
5705.00 3.704778e-14
5710.00 3.679371e-14
5715.00 3.735359e-14
5720.00 3.837701e-14
5725.00 3.828948e-14
5730.00 3.759208e-14
5735.00 3.728413e-14
5740.00 3.779563e-14
5745.00 3.848813e-14
5750.00 3.865829e-14
5755.00 3.849032e-14
5760.00 3.814868e-14
5765.00 3.828191e-14
5770.00 3.847696e-14
5775.00 3.859027e-14
5780.00 3.814195e-14
5785.00 3.769688e-14
5790.00 3.765196e-14
5795.00 3.828200e-14
5800.00 3.925407e-14
5805.00 4.004414e-14
5810.00 4.061942e-14
5815.00 4.085529e-14
5820.00 4.030492e-14
5825.00 3.951910e-14
5830.00 3.868174e-14
5835.00 3.881379e-14
5840.00 3.911395e-14
5845.00 3.928583e-14
5850.00 3.868372e-14
5855.00 3.858130e-14
5860.00 3.852027e-14
5865.00 3.835282e-14
5870.00 3.721181e-14
5875.00 3.668888e-14
5880.00 3.623188e-14
5885.00 3.457273e-14
5890.00 3.203551e-14
5895.00 3.048973e-14
5900.00 3.083389e-14
5905.00 3.379748e-14
5910.00 3.606983e-14
5915.00 3.750402e-14
5920.00 3.744998e-14
5925.00 3.739899e-14
5930.00 3.740531e-14
5935.00 3.753562e-14
5940.00 3.771052e-14
5945.00 3.774431e-14
5950.00 3.764478e-14
5955.00 3.824408e-14
5960.00 3.886682e-14
5965.00 3.937012e-14
5970.00 3.930891e-14
5975.00 3.884277e-14
5980.00 3.825465e-14
5985.00 3.767537e-14
5990.00 3.788565e-14
5995.00 3.819880e-14
6000.00 3.851792e-14
6005.00 3.849315e-14
6010.00 3.805477e-14
6015.00 3.744940e-14
6020.00 3.751721e-14
6025.00 3.796237e-14
6030.00 3.868429e-14
6035.00 3.974432e-14
6040.00 4.058176e-14
6045.00 4.102978e-14
6050.00 4.091185e-14
6055.00 4.082801e-14
6060.00 4.086230e-14
6065.00 4.101991e-14
6070.00 4.106707e-14
6075.00 4.080008e-14
6080.00 4.030136e-14
6085.00 3.981995e-14
6090.00 3.924240e-14
6095.00 3.877305e-14
6100.00 3.892750e-14
6105.00 3.964988e-14
6110.00 4.034884e-14
6115.00 4.047851e-14
6120.00 3.996845e-14
6125.00 3.934066e-14
6130.00 3.876128e-14
6135.00 3.853854e-14
6140.00 3.844362e-14
6145.00 3.846233e-14
6150.00 3.889648e-14
6155.00 3.851258e-14
6160.00 3.717687e-14
6165.00 3.700781e-14
6170.00 3.714474e-14
6175.00 3.755535e-14
6180.00 3.787856e-14
6185.00 3.751829e-14
6190.00 3.676384e-14
6195.00 3.759491e-14
6200.00 3.864214e-14
6205.00 3.959116e-14
6210.00 3.860640e-14
6215.00 3.828509e-14
6220.00 3.820034e-14
6225.00 3.709844e-14
6230.00 3.639109e-14
6235.00 3.606338e-14
6240.00 3.663356e-14
6245.00 3.658783e-14
6250.00 3.607549e-14
6255.00 3.479813e-14
6260.00 3.476491e-14
6265.00 3.539036e-14
6270.00 3.620313e-14
6275.00 3.673580e-14
6280.00 3.719790e-14
6285.00 3.801652e-14
6290.00 3.815175e-14
6295.00 3.794987e-14
6300.00 3.784097e-14
6305.00 3.779562e-14
6310.00 3.780546e-14
6315.00 3.794589e-14
6320.00 3.835144e-14
6325.00 3.886283e-14
6330.00 3.891619e-14
6335.00 3.881169e-14
6340.00 3.862641e-14
6345.00 3.878497e-14
6350.00 3.873425e-14
6355.00 3.851330e-14
6360.00 3.821268e-14
6365.00 3.833731e-14
6370.00 3.886726e-14
6375.00 3.929626e-14
6380.00 3.979745e-14
6385.00 4.038485e-14
6390.00 4.033911e-14
6395.00 4.006093e-14
6400.00 3.950607e-14
6405.00 3.924194e-14
6410.00 3.899901e-14
6415.00 3.871212e-14
6420.00 3.882894e-14
6425.00 3.906144e-14
6430.00 3.933627e-14
6435.00 3.927072e-14
6440.00 3.906377e-14
6445.00 3.880424e-14
6450.00 3.902047e-14
6455.00 3.952379e-14
6460.00 4.020965e-14
6465.00 4.063722e-14
6470.00 4.085200e-14
6475.00 4.131521e-14
6480.00 4.137063e-14
6485.00 4.092547e-14
6490.00 3.924392e-14
6495.00 3.806069e-14
6500.00 3.810721e-14
6505.00 3.856715e-14
6510.00 3.911294e-14
6515.00 3.957019e-14
6520.00 3.983918e-14
6525.00 3.999095e-14
6530.00 3.994194e-14
6535.00 3.997141e-14
6540.00 4.006675e-14
6545.00 3.990732e-14
6550.00 3.961434e-14
6555.00 3.913778e-14
6560.00 3.890367e-14
6565.00 3.879787e-14
6570.00 3.891424e-14
6575.00 3.935054e-14
6580.00 3.991089e-14
6585.00 4.037035e-14
6590.00 4.047988e-14
6595.00 4.029887e-14
6600.00 3.936131e-14
6605.00 3.881068e-14
6610.00 3.891070e-14
6615.00 3.947087e-14
6620.00 3.990189e-14
6625.00 3.948273e-14
6630.00 3.894296e-14
6635.00 3.838266e-14
6640.00 3.881723e-14
6645.00 3.933264e-14
6650.00 3.994413e-14
6655.00 3.969617e-14
6660.00 3.925097e-14
6665.00 3.863701e-14
6670.00 3.853375e-14
6675.00 3.869985e-14
6680.00 3.915380e-14
6685.00 3.926850e-14
6690.00 3.901243e-14
6695.00 3.817489e-14
6700.00 3.749419e-14
6705.00 3.744649e-14
6710.00 3.807621e-14
6715.00 3.901026e-14
6720.00 3.947561e-14
6725.00 3.949944e-14
6730.00 3.898759e-14
6735.00 3.877491e-14
6740.00 3.867377e-14
6745.00 3.875794e-14
6750.00 3.848111e-14
6755.00 3.797701e-14
6760.00 3.797208e-14
6765.00 3.787038e-14
6770.00 3.760544e-14
6775.00 3.796414e-14
6780.00 3.843053e-14
6785.00 3.830127e-14
6790.00 3.818555e-14
6795.00 3.808287e-14
6800.00 3.799975e-14
6805.00 3.801483e-14
6810.00 3.830952e-14
6815.00 3.876081e-14
6820.00 3.930594e-14
6825.00 3.905961e-14
6830.00 3.894457e-14
6835.00 3.907785e-14
6840.00 3.789864e-14
6845.00 3.619213e-14
6850.00 3.424957e-14
6855.00 3.369094e-14
6860.00 3.487407e-14
6865.00 3.604019e-14
6870.00 3.693969e-14
6875.00 3.642912e-14
6880.00 3.661200e-14
6885.00 3.746085e-14
6890.00 3.773977e-14
6895.00 3.798529e-14
6900.00 3.844591e-14
6905.00 3.895311e-14
6910.00 3.949682e-14
6915.00 3.992175e-14
6920.00 4.024611e-14
6925.00 4.030659e-14
6930.00 3.981291e-14
6935.00 3.893679e-14
6940.00 3.916453e-14
6945.00 3.963213e-14
6950.00 4.052943e-14
6955.00 4.098241e-14
6960.00 4.114650e-14
6965.00 3.975502e-14
6970.00 3.864557e-14
6975.00 3.855861e-14
6980.00 3.905690e-14
6985.00 3.994156e-14
6990.00 4.108136e-14
6995.00 4.200692e-14
7000.00 4.225854e-14
7005.00 4.185778e-14
7010.00 4.098519e-14
7015.00 4.137335e-14
7020.00 4.163609e-14
7025.00 4.098295e-14
7030.00 4.107342e-14
7035.00 4.179484e-14
7040.00 4.189720e-14
7045.00 4.180247e-14
7050.00 4.125453e-14
7055.00 4.037239e-14
7060.00 3.913194e-14
7065.00 3.897929e-14
7070.00 3.913904e-14
7075.00 3.953835e-14
7080.00 3.976670e-14
7085.00 3.974535e-14
7090.00 3.907817e-14
7095.00 3.815811e-14
7100.00 3.816456e-14
7105.00 3.819034e-14
7110.00 3.825905e-14
7115.00 3.806139e-14
7120.00 3.769260e-14
7125.00 3.828479e-14
7130.00 3.859891e-14
7135.00 3.737868e-14
7140.00 3.622201e-14
7145.00 3.513134e-14
7150.00 3.572205e-14
7155.00 3.661572e-14
7160.00 3.508543e-14
7165.00 3.386540e-14
7170.00 3.321327e-14
7175.00 3.384080e-14
7180.00 3.519901e-14
7185.00 3.629527e-14
7190.00 3.726850e-14
7195.00 3.783963e-14
7200.00 3.818108e-14
7205.00 3.826787e-14
7210.00 3.809737e-14
7215.00 3.782681e-14
7220.00 3.691470e-14
7225.00 3.650617e-14
7230.00 3.731081e-14
7235.00 3.753999e-14
7240.00 3.732156e-14
7245.00 3.702582e-14
7250.00 3.676376e-14
7255.00 3.697601e-14
7260.00 3.778731e-14
7265.00 3.967978e-14
7270.00 4.106915e-14
7275.00 4.214640e-14
7280.00 4.168493e-14
7285.00 4.074872e-14
7290.00 3.812832e-14
7295.00 3.669104e-14
7300.00 3.712731e-14
7305.00 3.751818e-14
7310.00 3.788315e-14
7315.00 3.869337e-14
7320.00 3.934190e-14
7325.00 3.862926e-14
7330.00 3.822431e-14
7335.00 3.831490e-14
7340.00 3.830691e-14
7345.00 3.824025e-14
7350.00 3.772585e-14
7355.00 3.730475e-14
7360.00 3.820078e-14
7365.00 3.881533e-14
7370.00 3.889852e-14
7375.00 3.910632e-14
7380.00 3.940367e-14
7385.00 3.916394e-14
7390.00 3.885006e-14
7395.00 3.951599e-14
7400.00 4.000257e-14
7405.00 4.001971e-14
7410.00 3.972971e-14
7415.00 3.913556e-14
7420.00 3.977485e-14
7425.00 4.087571e-14
7430.00 4.036934e-14
7435.00 3.998135e-14
7440.00 4.057312e-14
7445.00 4.103667e-14
7450.00 4.129950e-14
7455.00 4.126507e-14
7460.00 4.103729e-14
7465.00 4.105034e-14
7470.00 4.109989e-14
7475.00 4.065786e-14
7480.00 4.047599e-14
7485.00 4.110903e-14
7490.00 4.130390e-14
7495.00 4.096330e-14
7500.00 4.101581e-14
7505.00 4.127458e-14
7510.00 4.220449e-14
7515.00 4.316569e-14
7520.00 4.292717e-14
7525.00 4.289236e-14
7530.00 4.344062e-14
7535.00 4.275718e-14
7540.00 4.061029e-14
7545.00 3.958189e-14
7550.00 3.915310e-14
7555.00 3.895694e-14
7560.00 3.881053e-14
7565.00 3.885175e-14
7570.00 3.909331e-14
7575.00 4.003524e-14
7580.00 4.053521e-14
7585.00 4.039724e-14
7590.00 4.022926e-14
7595.00 4.004079e-14
7600.00 3.985182e-14
7605.00 3.966288e-14
7610.00 3.946559e-14
7615.00 3.929820e-14
7620.00 3.932883e-14
7625.00 3.930631e-14
7630.00 3.916423e-14
7635.00 3.909823e-14
7640.00 3.911423e-14
7645.00 3.887165e-14
7650.00 3.849090e-14
7655.00 3.797881e-14
7660.00 3.743848e-14
7665.00 3.720233e-14
7670.00 3.708279e-14
7675.00 3.759181e-14
7680.00 3.797650e-14
7685.00 3.808945e-14
7690.00 3.801527e-14
7695.00 3.773312e-14
7700.00 3.753828e-14
7705.00 3.739447e-14
7710.00 3.725725e-14
7715.00 3.712194e-14
7720.00 3.750179e-14
7725.00 3.789839e-14
7730.00 3.813664e-14
7735.00 3.830997e-14
7740.00 3.827875e-14
7745.00 3.815117e-14
7750.00 3.787115e-14
7755.00 3.794932e-14
7760.00 3.834435e-14
7765.00 3.867650e-14
7770.00 3.897795e-14
7775.00 3.872908e-14
7780.00 3.835395e-14
7785.00 3.834078e-14
7790.00 3.835819e-14
7795.00 3.850062e-14
7800.00 3.864838e-14
7805.00 3.881561e-14
7810.00 3.897713e-14
7815.00 3.912827e-14
7820.00 3.915068e-14
7825.00 3.903373e-14
7830.00 3.873648e-14
7835.00 3.832264e-14
7840.00 3.832131e-14
7845.00 3.847205e-14
7850.00 3.853608e-14
7855.00 3.858508e-14
7860.00 3.875520e-14
7865.00 3.888543e-14
7870.00 3.858308e-14
7875.00 3.834700e-14
7880.00 3.836616e-14
7885.00 3.832411e-14
7890.00 3.815136e-14
7895.00 3.794998e-14
7900.00 3.771060e-14
7905.00 3.752422e-14
7910.00 3.738320e-14
7915.00 3.714045e-14
7920.00 3.684196e-14
7925.00 3.669282e-14
7930.00 3.659391e-14
7935.00 3.633027e-14
7940.00 3.603800e-14
7945.00 3.628550e-14
7950.00 3.657679e-14
7955.00 3.718423e-14
7960.00 3.773641e-14
7965.00 3.795605e-14
7970.00 3.809917e-14
7975.00 3.799267e-14
7980.00 3.794672e-14
7985.00 3.802652e-14
7990.00 3.800127e-14
7995.00 3.782690e-14
8000.00 3.798776e-14
8005.00 3.848585e-14
8010.00 3.888142e-14
8015.00 3.920327e-14
8020.00 3.927527e-14
8025.00 3.922058e-14
8030.00 3.949138e-14
8035.00 3.987476e-14
8040.00 3.963308e-14
8045.00 3.925307e-14
8050.00 3.950041e-14
8055.00 3.982267e-14
8060.00 3.979253e-14
8065.00 3.973628e-14
8070.00 3.931049e-14
8075.00 3.895942e-14
8080.00 3.925771e-14
8085.00 3.937552e-14
8090.00 3.859453e-14
8095.00 3.796316e-14
8100.00 3.783024e-14
8105.00 3.774726e-14
8110.00 3.778580e-14
8115.00 3.789763e-14
8120.00 3.814603e-14
8125.00 3.834006e-14
8130.00 3.845416e-14
8135.00 3.864151e-14
8140.00 3.891558e-14
8145.00 3.918003e-14
8150.00 3.943520e-14
8155.00 3.970775e-14
8160.00 3.999400e-14
8165.00 4.051697e-14
8170.00 4.119484e-14
8175.00 4.096481e-14
8180.00 4.024274e-14
8185.00 3.975952e-14
8190.00 3.938373e-14
8195.00 3.861006e-14
8200.00 3.768932e-14
8205.00 3.819458e-14
8210.00 3.913184e-14
8215.00 3.938113e-14
8220.00 3.945977e-14
8225.00 3.986366e-14
8230.00 4.033233e-14
8235.00 4.003863e-14
8240.00 3.962451e-14
8245.00 3.937623e-14
8250.00 3.914851e-14
8255.00 3.941130e-14
8260.00 3.971905e-14
8265.00 3.970130e-14
8270.00 3.966234e-14
8275.00 3.935972e-14
8280.00 3.904629e-14
8285.00 3.890400e-14
8290.00 3.876576e-14
8295.00 3.845011e-14
8300.00 3.813472e-14
8305.00 3.800233e-14
8310.00 3.787592e-14
8315.00 3.807102e-14
8320.00 3.824885e-14
8325.00 3.780239e-14
8330.00 3.736813e-14
8335.00 3.728439e-14
8340.00 3.721154e-14
8345.00 3.742469e-14
8350.00 3.763957e-14
8355.00 3.790439e-14
8360.00 3.815590e-14
8365.00 3.807187e-14
8370.00 3.798034e-14
8375.00 3.767421e-14
8380.00 3.737758e-14
8385.00 3.739893e-14
8390.00 3.742392e-14
8395.00 3.762802e-14
8400.00 3.783251e-14
8405.00 3.809972e-14
8410.00 3.836663e-14
8415.00 3.808620e-14
8420.00 3.780451e-14
8425.00 3.753972e-14
8430.00 3.727558e-14
8435.00 3.664678e-14
8440.00 3.600489e-14
8445.00 3.641559e-14
8450.00 3.688870e-14
8455.00 3.670921e-14
8460.00 3.647411e-14
8465.00 3.630700e-14
8470.00 3.614798e-14
8475.00 3.635208e-14
8480.00 3.661138e-14
8485.00 3.624596e-14
8490.00 3.576007e-14
8495.00 3.518303e-14
8500.00 3.458457e-14
8505.00 3.497003e-14
8510.00 3.564677e-14
8515.00 3.583848e-14
8520.00 3.585387e-14
8525.00 3.532830e-14
8530.00 3.456470e-14
8535.00 3.319311e-14
8540.00 3.149829e-14
8545.00 3.197773e-14
8550.00 3.385744e-14
8555.00 3.540155e-14
8560.00 3.668201e-14
8565.00 3.735961e-14
8570.00 3.746116e-14
8575.00 3.755790e-14
8580.00 3.764902e-14
8585.00 3.779323e-14
8590.00 3.801536e-14
8595.00 3.812389e-14
8600.00 3.801973e-14
8605.00 3.799402e-14
8610.00 3.816127e-14
8615.00 3.838027e-14
8620.00 3.877562e-14
8625.00 3.912324e-14
8630.00 3.922829e-14
8635.00 3.931388e-14
8640.00 3.921909e-14
8645.00 3.908713e-14
8650.00 3.761095e-14
8655.00 3.613648e-14
8660.00 3.501955e-14
8665.00 3.392048e-14
8670.00 3.515014e-14
8675.00 3.669067e-14
8680.00 3.738102e-14
8685.00 3.786554e-14
8690.00 3.831268e-14
8695.00 3.874538e-14
8700.00 3.891814e-14
8705.00 3.894759e-14
8710.00 3.916480e-14
8715.00 3.952904e-14
8720.00 3.973618e-14
8725.00 3.976881e-14
8730.00 3.963316e-14
8735.00 3.922727e-14
8740.00 3.902030e-14
8745.00 3.929455e-14
8750.00 3.956244e-14
8755.00 3.980561e-14
8760.00 4.000535e-14
8765.00 3.982487e-14
8770.00 3.964551e-14
8775.00 3.988375e-14
8780.00 4.012172e-14
8785.00 4.026447e-14
8790.00 4.039662e-14
8795.00 3.987374e-14
8800.00 3.918465e-14
8805.00 3.913500e-14
8810.00 3.937162e-14
8815.00 3.973798e-14
8820.00 4.019748e-14
8825.00 4.050851e-14
8830.00 4.065188e-14
8835.00 4.073570e-14
8840.00 4.071161e-14
8845.00 4.064179e-14
8850.00 4.042614e-14
8855.00 4.014215e-14
8860.00 3.935347e-14
8865.00 3.856568e-14
8870.00 3.818239e-14
8875.00 3.780072e-14
8880.00 3.787011e-14
8885.00 3.800502e-14
8890.00 3.816448e-14
8895.00 3.833215e-14
8900.00 3.868301e-14
8905.00 3.914725e-14
8910.00 3.947768e-14
8915.00 3.966584e-14
8920.00 3.971494e-14
8925.00 3.950629e-14
8930.00 3.933448e-14
8935.00 3.929808e-14
8940.00 3.928008e-14
8945.00 3.949290e-14
8950.00 3.970550e-14
8955.00 3.937298e-14
8960.00 3.900088e-14
8965.00 3.897366e-14
8970.00 3.904024e-14
8975.00 3.932794e-14
8980.00 3.974028e-14
8985.00 3.998131e-14
8990.00 4.004367e-14
8995.00 4.009299e-14
9000.00 4.011676e-14
9005.00 4.004462e-14
9010.00 3.953625e-14
9015.00 3.903471e-14
9020.00 3.880708e-14
9025.00 3.857971e-14
9030.00 3.957089e-14
9035.00 4.075507e-14
9040.00 4.130299e-14
9045.00 4.157806e-14
9050.00 4.162140e-14
9055.00 4.146252e-14
9060.00 4.133182e-14
9065.00 4.124974e-14
9070.00 4.117991e-14
9075.00 4.116018e-14
9080.00 4.112433e-14
9085.00 4.038557e-14
9090.00 3.964764e-14
9095.00 3.987081e-14
9100.00 4.026858e-14
9105.00 4.027583e-14
9110.00 4.008895e-14
9115.00 4.003761e-14
9120.00 4.012899e-14
9125.00 4.025017e-14
9130.00 4.043986e-14
9135.00 4.050610e-14
9140.00 3.964418e-14
9145.00 3.878321e-14
9150.00 3.878039e-14
9155.00 3.884452e-14
9160.00 3.881021e-14
9165.00 3.874073e-14
9170.00 3.885768e-14
9175.00 3.913164e-14
9180.00 3.932051e-14
9185.00 3.934878e-14
9190.00 3.937754e-14
9195.00 3.940919e-14
9200.00 3.944082e-14
9205.00 3.846562e-14
9210.00 3.743151e-14
9215.00 3.752754e-14
9220.00 3.802146e-14
9225.00 3.819669e-14
9230.00 3.809225e-14
9235.00 3.788120e-14
9240.00 3.744422e-14
9245.00 3.704386e-14
9250.00 3.694224e-14
9255.00 3.684074e-14
9260.00 3.746975e-14
9265.00 3.818558e-14
9270.00 3.868438e-14
9275.00 3.907870e-14
9280.00 3.893892e-14
9285.00 3.816013e-14
9290.00 3.776045e-14
9295.00 3.862079e-14
9300.00 3.947058e-14
9305.00 3.850218e-14
9310.00 3.753481e-14
9315.00 3.733432e-14
9320.00 3.735401e-14
9325.00 3.779208e-14
9330.00 3.857752e-14
9335.00 3.880600e-14
9340.00 3.780360e-14
9345.00 3.684761e-14
9350.00 3.645320e-14
9355.00 3.605920e-14
9360.00 3.637796e-14
9365.00 3.683632e-14
9370.00 3.703603e-14
9375.00 3.705916e-14
9380.00 3.731082e-14
9385.00 3.798942e-14
9390.00 3.854111e-14
9395.00 3.797407e-14
9400.00 3.740762e-14
9405.00 3.623838e-14
9410.00 3.496526e-14
9415.00 3.484833e-14
9420.00 3.550352e-14
9425.00 3.589737e-14
9430.00 3.579173e-14
9435.00 3.567463e-14
9440.00 3.543301e-14
9445.00 3.519164e-14
9450.00 3.590183e-14
9455.00 3.681376e-14
9460.00 3.685569e-14
9465.00 3.621824e-14
9470.00 3.623803e-14
9475.00 3.782518e-14
9480.00 3.934793e-14
9485.00 3.846254e-14
9490.00 3.757808e-14
9495.00 3.799169e-14
9500.00 3.882806e-14
9505.00 3.908765e-14
9510.00 3.872017e-14
9515.00 3.846897e-14
9520.00 3.867638e-14
9525.00 3.888357e-14
9530.00 3.822130e-14
9535.00 3.748530e-14
9540.00 3.724227e-14
9545.00 3.727778e-14
9550.00 3.721797e-14
9555.00 3.698404e-14
9560.00 3.680212e-14
9565.00 3.735486e-14
9570.00 3.790704e-14
9575.00 3.792380e-14
9580.00 3.778464e-14
9585.00 3.788535e-14
9590.00 3.824466e-14
9595.00 3.845229e-14
9600.00 3.799252e-14
9605.00 3.753323e-14
9610.00 3.731939e-14
9615.00 3.713729e-14
9620.00 3.727278e-14
9625.00 3.763376e-14
9630.00 3.775493e-14
9635.00 3.725725e-14
9640.00 3.676008e-14
9645.00 3.711893e-14
9650.00 3.750215e-14
9655.00 3.774042e-14
9660.00 3.790472e-14
9665.00 3.805122e-14
9670.00 3.816479e-14
9675.00 3.828096e-14
9680.00 3.847627e-14
9685.00 3.867138e-14
9690.00 3.803789e-14
9695.00 3.707477e-14
9700.00 3.654479e-14
9705.00 3.668039e-14
9710.00 3.684231e-14
9715.00 3.735477e-14
9720.00 3.786671e-14
9725.00 3.812754e-14
9730.00 3.830129e-14
9735.00 3.843112e-14
9740.00 3.849875e-14
9745.00 3.852389e-14
9750.00 3.806832e-14
9755.00 3.761322e-14
9760.00 3.762485e-14
9765.00 3.779489e-14
9770.00 3.784498e-14
9775.00 3.772092e-14
9780.00 3.757458e-14
9785.00 3.711664e-14
9790.00 3.665916e-14
9795.00 3.694839e-14
9800.00 3.752218e-14
9805.00 3.780678e-14
9810.00 3.761354e-14
9815.00 3.743853e-14
9820.00 3.789553e-14
9825.00 3.835206e-14
9830.00 3.817698e-14
9835.00 3.769810e-14
9840.00 3.758107e-14
9845.00 3.823058e-14
9850.00 3.887944e-14
9855.00 3.822061e-14
9860.00 3.751210e-14
9865.00 3.745548e-14
9870.00 3.782787e-14
9875.00 3.816880e-14
9880.00 3.841025e-14
9885.00 3.865146e-14
9890.00 3.898250e-14
9895.00 3.932631e-14
9900.00 3.902404e-14
9905.00 3.808720e-14
9910.00 3.736548e-14
9915.00 3.804471e-14
9920.00 3.872325e-14
9925.00 3.836857e-14
9930.00 3.768337e-14
9935.00 3.130548e-14
9940.00 1.564487e-14
9945.00 0.000000e+00
9950.00 0.000000e+00
9955.00 0.000000e+00
9960.00 0.000000e+00
9965.00 0.000000e+00
9970.00 0.000000e+00
9980.00 3.761524e-14
9990.00 3.753997e-14
10000.00 3.746493e-14
10010.00 3.739011e-14
10020.00 3.731552e-14
10030.00 3.724115e-14
10040.00 3.716700e-14
10050.00 3.709307e-14
10060.00 3.701936e-14
10070.00 3.694588e-14
10080.00 3.687261e-14
10090.00 3.679956e-14
10100.00 3.672672e-14
10110.00 3.665410e-14
10120.00 3.658170e-14
10130.00 3.650951e-14
10140.00 3.643754e-14
10150.00 3.636577e-14
10160.00 3.629422e-14
10170.00 3.622288e-14
10180.00 3.615175e-14
10190.00 3.608083e-14
10200.00 3.601012e-14
10210.00 3.593962e-14
10220.00 3.586932e-14
10230.00 3.579923e-14
10240.00 3.572934e-14
10250.00 3.565966e-14
10260.00 3.559018e-14
10270.00 3.552091e-14
10280.00 3.545183e-14
10290.00 3.538296e-14
10300.00 3.531429e-14
10310.00 3.524582e-14
10320.00 3.517755e-14
10330.00 3.510947e-14
10340.00 3.504159e-14
10350.00 3.497391e-14
10360.00 3.490643e-14
10370.00 3.483914e-14
10380.00 3.477204e-14
10390.00 3.470514e-14
10400.00 3.463843e-14
10410.00 3.457192e-14
10420.00 3.450559e-14
10430.00 3.443946e-14
10440.00 3.437351e-14
10450.00 3.430776e-14
10460.00 3.424219e-14
10470.00 3.417681e-14
10480.00 3.411162e-14
10490.00 3.404662e-14
10500.00 3.398180e-14
10510.00 3.391716e-14
10520.00 3.385271e-14
10530.00 3.378844e-14
10540.00 3.372436e-14
10550.00 3.366046e-14
10560.00 3.359674e-14
10570.00 3.353320e-14
10580.00 3.346984e-14
10590.00 3.340666e-14
10600.00 3.334365e-14
10610.00 3.328083e-14
10620.00 3.321818e-14
10630.00 3.315571e-14
10640.00 3.309342e-14
10650.00 3.303130e-14
10660.00 3.296936e-14
10670.00 3.290759e-14
10680.00 3.284599e-14
10690.00 3.278457e-14
10700.00 3.272332e-14
10710.00 3.266224e-14
10720.00 3.260133e-14
10730.00 3.254059e-14
10740.00 3.248003e-14
10750.00 3.241963e-14
10760.00 3.235939e-14
10770.00 3.229933e-14
10780.00 3.223943e-14
10790.00 3.217970e-14
10800.00 3.212014e-14
10810.00 3.206074e-14
10820.00 3.200150e-14
10830.00 3.194243e-14
10840.00 3.188353e-14
10850.00 3.182478e-14
10860.00 3.176620e-14
10870.00 3.170778e-14
10880.00 3.164952e-14
10890.00 3.159142e-14
10900.00 3.153348e-14
10910.00 3.147570e-14
10920.00 3.141808e-14
10930.00 3.136062e-14
10940.00 3.130331e-14
10950.00 3.124616e-14
10960.00 3.118917e-14
10970.00 3.113233e-14
10980.00 3.107565e-14
10990.00 3.101912e-14
11000.00 3.096275e-14
