# Galaxy: Elliptical: Kinney et al. (1996) galaxy templates, STScI CDBS. Elliptical galaxy. Extended beyond 9935 A with constant f_nu.
# wavelength[A] f_lambda[relative]
1235.00 3.839469e-15
1240.00 3.013958e-15
1245.00 2.648384e-15
1250.00 3.127072e-15
1255.00 3.191669e-15
1260.00 2.440928e-15
1265.00 3.240121e-15
1270.00 3.420128e-15
1275.00 3.934955e-15
1280.00 2.823190e-15
1285.00 2.522270e-15
1290.00 2.375848e-15
1295.00 1.967290e-15
1300.00 2.045929e-15
1305.00 1.971950e-15
1310.00 1.750854e-15
1315.00 2.226540e-15
1320.00 2.434086e-15
1325.00 1.901082e-15
1330.00 1.532534e-15
1335.00 1.619499e-15
1340.00 2.020336e-15
1345.00 2.198651e-15
1350.00 2.005199e-15
1355.00 2.081239e-15
1360.00 2.048564e-15
1365.00 1.427045e-15
1370.00 1.464865e-15
1375.00 1.817218e-15
1380.00 2.014308e-15
1385.00 1.517100e-15
1390.00 1.768477e-15
1395.00 2.066984e-15
1400.00 1.433556e-15
1405.00 1.026001e-15
1410.00 1.518404e-15
1415.00 1.345830e-15
1420.00 1.835432e-15
1425.00 1.688730e-15
1430.00 2.185540e-15
1435.00 1.771310e-15
1440.00 1.527248e-15
1445.00 2.289414e-15
1450.00 1.678645e-15
1455.00 2.132822e-15
1460.00 2.209242e-15
1465.00 2.052154e-15
1470.00 2.373378e-15
1475.00 2.563531e-15
1480.00 2.972995e-15
1485.00 2.053302e-15
1490.00 1.626107e-15
1495.00 1.348233e-15
1500.00 1.692685e-15
1505.00 2.508814e-15
1510.00 1.804199e-15
1515.00 1.252414e-15
1520.00 1.353662e-15
1525.00 1.711990e-15
1530.00 2.655599e-15
1535.00 2.043467e-15
1540.00 1.449996e-15
1545.00 2.321900e-15
1550.00 2.131629e-15
1555.00 1.359916e-15
1560.00 9.862710e-16
1565.00 1.189722e-15
1570.00 1.501444e-15
1575.00 1.744365e-15
1580.00 1.717620e-15
1585.00 1.643731e-15
1590.00 2.627677e-15
1595.00 2.763643e-15
1600.00 1.812885e-15
1605.00 1.097755e-15
1610.00 1.292572e-15
1615.00 1.607061e-15
1620.00 1.600893e-15
1625.00 1.357407e-15
1630.00 1.101971e-15
1635.00 1.535624e-15
1640.00 2.352819e-15
1645.00 2.336372e-15
1650.00 2.350014e-15
1655.00 1.492160e-15
1660.00 2.009761e-15
1665.00 2.041530e-15
1670.00 1.630486e-15
1675.00 8.367892e-16
1680.00 1.059758e-15
1685.00 1.565147e-15
1690.00 1.292571e-15
1695.00 1.011458e-15
1700.00 1.280401e-15
1705.00 1.387961e-15
1710.00 1.174873e-15
1715.00 1.678285e-15
1720.00 2.426541e-15
1725.00 2.176238e-15
1730.00 2.696957e-15
1735.00 2.343268e-15
1740.00 1.439967e-15
1745.00 1.244614e-15
1750.00 1.646900e-15
1755.00 1.635916e-15
1760.00 1.710892e-15
1765.00 1.232498e-15
1770.00 1.885691e-15
1775.00 1.692506e-15
1780.00 1.497021e-15
1785.00 1.505412e-15
1790.00 1.670813e-15
1795.00 1.706322e-15
1800.00 2.166026e-15
1805.00 3.285408e-15
1810.00 2.874801e-15
1815.00 1.930062e-15
1820.00 1.020781e-15
1825.00 1.129441e-15
1830.00 1.290457e-15
1835.00 8.530345e-16
1840.00 7.831689e-16
1845.00 6.533732e-16
1850.00 8.413369e-16
1855.00 1.276355e-15
1860.00 1.344120e-15
1865.00 1.140970e-15
1870.00 1.097307e-15
1875.00 8.759727e-16
1880.00 9.475578e-16
1885.00 1.108963e-15
1890.00 1.078197e-15
1895.00 9.846720e-16
1900.00 1.044172e-15
1905.00 1.104818e-15
1910.00 8.054288e-16
1915.00 7.006358e-16
1920.00 6.750494e-16
1925.00 6.453656e-16
1930.00 7.454849e-16
1935.00 1.348980e-15
1940.00 1.905991e-15
1945.00 1.882159e-15
1950.00 1.783686e-15
1955.00 2.276761e-15
1960.00 3.408467e-15
1965.00 2.895694e-15
1970.00 1.767533e-15
1975.00 6.478032e-16
1980.00 1.077655e-15
1985.00 9.858342e-16
1990.00 2.636998e-15
1995.00 3.145518e-15
2000.00 1.970187e-15
2005.00 1.191978e-15
2010.00 1.094748e-15
2015.00 8.605234e-16
2020.00 2.201701e-15
2025.00 2.987269e-15
2030.00 1.176797e-15
2035.00 3.112881e-15
2040.00 1.442643e-15
2045.00 1.954440e-15
2050.00 2.184313e-15
2055.00 4.052961e-15
2060.00 2.442371e-15
2065.00 2.257847e-15
2070.00 3.110234e-15
2075.00 2.414233e-15
2080.00 3.437674e-15
2085.00 1.787965e-15
2090.00 1.225874e-15
2095.00 4.740341e-16
2100.00 9.839212e-16
2105.00 9.150488e-16
2110.00 7.338407e-16
2115.00 1.023530e-15
2120.00 2.598728e-15
2125.00 1.558073e-15
2130.00 1.219005e-15
2135.00 2.095024e-15
2140.00 2.790527e-15
2145.00 1.174740e-15
2150.00 7.859210e-16
2155.00 1.051442e-15
2160.00 1.751467e-15
2165.00 3.323848e-15
2170.00 2.459009e-15
2175.00 1.970847e-15
2180.00 1.844235e-15
2185.00 2.015275e-15
2190.00 1.582128e-15
2195.00 2.228891e-15
2200.00 3.221387e-15
2205.00 2.723777e-15
2210.00 1.259881e-15
2215.00 1.968566e-15
2220.00 3.097426e-15
2225.00 1.828434e-15
2230.00 2.318891e-15
2235.00 3.148376e-15
2240.00 3.363985e-15
2245.00 2.426209e-15
2250.00 3.604810e-15
2255.00 2.410610e-15
2260.00 1.189742e-15
2265.00 1.370602e-15
2270.00 3.169174e-15
2275.00 3.187009e-15
2280.00 2.069898e-15
2285.00 2.127825e-15
2290.00 2.356455e-15
2295.00 1.080721e-15
2300.00 1.453851e-15
2305.00 2.453162e-15
2310.00 1.950271e-15
2315.00 1.753089e-15
2320.00 1.776252e-15
2325.00 1.692785e-15
2330.00 1.509319e-15
2335.00 1.190102e-15
2340.00 9.005963e-16
2345.00 1.310740e-15
2350.00 1.058045e-15
2355.00 8.617407e-16
2360.00 9.821017e-16
2365.00 8.927549e-16
2370.00 1.127365e-15
2375.00 6.224065e-16
2380.00 1.684946e-15
2385.00 6.774067e-16
2390.00 7.490123e-16
2395.00 1.018724e-15
2400.00 9.841263e-16
2405.00 9.534300e-16
2410.00 9.523146e-16
2415.00 1.235525e-15
2420.00 1.228853e-15
2425.00 1.599094e-15
2430.00 1.364008e-15
2435.00 1.040677e-15
2440.00 1.545019e-15
2445.00 1.811094e-15
2450.00 1.316328e-15
2455.00 1.108688e-15
2460.00 7.249033e-16
2465.00 1.054320e-15
2470.00 1.124174e-15
2475.00 1.127889e-15
2480.00 9.929433e-16
2485.00 1.002002e-15
2490.00 1.072686e-15
2495.00 1.205726e-15
2500.00 7.394147e-16
2505.00 9.627813e-16
2510.00 8.540522e-16
2515.00 8.087071e-16
2520.00 5.821453e-16
2525.00 5.681132e-16
2530.00 7.042693e-16
2535.00 1.026295e-15
2540.00 9.903091e-16
2545.00 8.657268e-16
2550.00 1.023225e-15
2555.00 6.970293e-16
2560.00 7.950008e-16
2565.00 9.628785e-16
2570.00 1.042211e-15
2575.00 1.101532e-15
2580.00 1.216872e-15
2585.00 1.265054e-15
2590.00 1.224315e-15
2595.00 1.459691e-15
2600.00 1.303783e-15
2605.00 1.091402e-15
2610.00 1.541907e-15
2615.00 1.385526e-15
2620.00 9.570787e-16
2625.00 1.369165e-15
2630.00 1.692987e-15
2635.00 1.783904e-15
2640.00 1.680458e-15
2645.00 2.089509e-15
2650.00 2.126907e-15
2655.00 2.041948e-15
2660.00 1.919540e-15
2665.00 1.765617e-15
2670.00 1.744822e-15
2675.00 1.532614e-15
2680.00 1.671717e-15
2685.00 1.965916e-15
2690.00 2.208518e-15
2695.00 2.103389e-15
2700.00 1.959432e-15
2705.00 1.834127e-15
2710.00 1.561596e-15
2715.00 1.494752e-15
2720.00 1.562201e-15
2725.00 1.255003e-15
2730.00 1.281462e-15
2735.00 1.529209e-15
2740.00 1.406294e-15
2745.00 1.281408e-15
2750.00 1.555445e-15
2755.00 1.888490e-15
2760.00 1.795074e-15
2765.00 1.790902e-15
2770.00 1.832917e-15
2775.00 1.700127e-15
2780.00 1.696596e-15
2785.00 1.104674e-15
2790.00 1.069106e-15
2795.00 1.102505e-15
2800.00 1.110863e-15
2805.00 1.162005e-15
2810.00 1.627993e-15
2815.00 1.738620e-15
2820.00 1.890588e-15
2825.00 2.024019e-15
2830.00 1.901211e-15
2835.00 1.869409e-15
2840.00 1.834727e-15
2845.00 1.646560e-15
2850.00 1.489954e-15
2855.00 1.657287e-15
2860.00 1.888570e-15
2865.00 1.941475e-15
2870.00 1.949409e-15
2875.00 2.341015e-15
2880.00 2.366633e-15
2885.00 2.127264e-15
2890.00 2.245859e-15
2895.00 2.790096e-15
2900.00 3.065886e-15
2905.00 3.154335e-15
2910.00 2.931442e-15
2915.00 2.841280e-15
2920.00 2.669056e-15
2925.00 2.714070e-15
2930.00 2.689777e-15
2935.00 2.524183e-15
2940.00 3.049501e-15
2945.00 3.108723e-15
2950.00 2.990312e-15
2955.00 3.136108e-15
2960.00 2.831892e-15
2965.00 3.038445e-15
2970.00 3.212055e-15
2975.00 3.131211e-15
2980.00 2.992312e-15
2985.00 2.731371e-15
2990.00 2.474265e-15
2995.00 2.186756e-15
3000.00 2.499888e-15
3005.00 3.253325e-15
3010.00 3.590989e-15
3015.00 3.315650e-15
3020.00 3.059803e-15
3025.00 3.097266e-15
3030.00 3.022923e-15
3035.00 2.879572e-15
3040.00 3.090156e-15
3045.00 3.468698e-15
3050.00 3.377728e-15
3055.00 2.886791e-15
3060.00 3.684025e-15
3065.00 3.909325e-15
3070.00 3.887512e-15
3075.00 3.628068e-15
3080.00 3.376181e-15
3085.00 3.142644e-15
3090.00 2.496816e-15
3095.00 3.077668e-15
3100.00 4.083840e-15
3105.00 4.213620e-15
3110.00 2.747626e-15
3115.00 3.216351e-15
3120.00 3.861222e-15
3125.00 3.686018e-15
3130.00 2.835267e-15
3135.00 2.538729e-15
3140.00 2.845307e-15
3145.00 3.123358e-15
3150.00 3.198043e-15
3155.00 2.253608e-15
3160.00 2.248750e-15
3165.00 3.087609e-15
3170.00 3.959174e-15
3175.00 3.725023e-15
3180.00 3.115199e-15
3185.00 3.386115e-15
3190.00 3.742659e-15
3195.00 4.797711e-15
3200.00 5.608661e-15
3205.00 5.661428e-15
3210.00 4.960721e-15
3215.00 4.669887e-15
3220.00 7.478354e-15
3225.00 8.307682e-15
3230.00 5.506630e-15
3235.00 4.139433e-15
3240.00 4.666929e-15
3245.00 6.007806e-15
3250.00 5.988359e-15
3255.00 4.808486e-15
3260.00 5.707294e-15
3265.00 5.561193e-15
3270.00 6.494025e-15
3275.00 6.692453e-15
3280.00 7.077753e-15
3285.00 7.956311e-15
3290.00 8.333458e-15
3295.00 8.637527e-15
3300.00 8.855223e-15
3305.00 9.020478e-15
3310.00 8.803828e-15
3315.00 8.508891e-15
3320.00 8.363041e-15
3325.00 8.120438e-15
3330.00 8.057372e-15
3335.00 7.849868e-15
3340.00 7.965611e-15
3345.00 8.043900e-15
3350.00 7.899158e-15
3355.00 7.890764e-15
3360.00 7.709718e-15
3365.00 7.306467e-15
3370.00 7.200963e-15
3375.00 7.183229e-15
3380.00 7.231146e-15
3385.00 7.570300e-15
3390.00 7.831977e-15
3395.00 8.004274e-15
3400.00 8.507850e-15
3405.00 8.708970e-15
3410.00 8.505268e-15
3415.00 8.466497e-15
3420.00 8.345514e-15
3425.00 8.329821e-15
3430.00 8.616602e-15
3435.00 8.622141e-15
3440.00 8.411889e-15
3445.00 8.158674e-15
3450.00 8.032574e-15
3455.00 8.162157e-15
3460.00 8.174930e-15
3465.00 8.213125e-15
3470.00 8.369554e-15
3475.00 8.444945e-15
3480.00 8.460718e-15
3485.00 8.453028e-15
3490.00 8.566818e-15
3495.00 8.732086e-15
3500.00 8.563435e-15
3505.00 8.646900e-15
3510.00 9.091205e-15
3515.00 9.249452e-15
3520.00 9.161347e-15
3525.00 8.978913e-15
3530.00 8.989184e-15
3535.00 9.260442e-15
3540.00 9.435424e-15
3545.00 9.544626e-15
3550.00 9.669215e-15
3555.00 9.488645e-15
3560.00 9.052257e-15
3565.00 8.731112e-15
3570.00 8.203163e-15
3575.00 7.633615e-15
3580.00 7.155540e-15
3585.00 6.819404e-15
3590.00 7.166365e-15
3595.00 7.839480e-15
3600.00 8.538459e-15
3605.00 9.112802e-15
3610.00 9.483221e-15
3615.00 9.669032e-15
3620.00 9.836982e-15
3625.00 1.009387e-14
3630.00 1.041573e-14
3635.00 1.051429e-14
3640.00 1.053312e-14
3645.00 1.071245e-14
3650.00 1.089555e-14
3655.00 1.119158e-14
3660.00 1.173763e-14
3665.00 1.238432e-14
3670.00 1.285783e-14
3675.00 1.256095e-14
3680.00 1.198946e-14
3685.00 1.152992e-14
3690.00 1.194099e-14
3695.00 1.234197e-14
3700.00 1.257089e-14
3705.00 1.240864e-14
3710.00 1.221937e-14
3715.00 1.249672e-14
3720.00 1.148225e-14
3725.00 1.156974e-14
3730.00 1.149569e-14
3735.00 1.056505e-14
3740.00 9.449898e-15
3745.00 9.237530e-15
3750.00 9.249519e-15
3755.00 9.963777e-15
3760.00 1.073140e-14
3765.00 1.067069e-14
3770.00 1.068486e-14
3775.00 1.225843e-14
3780.00 1.302502e-14
3785.00 1.276202e-14
3790.00 1.180305e-14
3795.00 1.120123e-14
3800.00 1.067853e-14
3805.00 1.141003e-14
3810.00 1.164375e-14
3815.00 1.039979e-14
3820.00 9.097297e-15
3825.00 7.908136e-15
3830.00 7.036833e-15
3835.00 6.667009e-15
3840.00 7.342545e-15
3845.00 8.386035e-15
3850.00 8.892541e-15
3855.00 9.056275e-15
3860.00 9.051198e-15
3865.00 9.496585e-15
3870.00 9.475060e-15
3875.00 9.539980e-15
3880.00 9.702877e-15
3885.00 1.070928e-14
3890.00 1.178113e-14
3895.00 1.265859e-14
3900.00 1.304141e-14
3905.00 1.336676e-14
3910.00 1.404065e-14
3915.00 1.414618e-14
3920.00 1.285422e-14
3925.00 1.051621e-14
3930.00 8.106763e-15
3935.00 7.268469e-15
3940.00 8.748672e-15
3945.00 1.121072e-14
3950.00 1.307750e-14
3955.00 1.313263e-14
3960.00 1.102682e-14
3965.00 8.920128e-15
3970.00 8.813229e-15
3975.00 1.146822e-14
3980.00 1.492691e-14
3985.00 1.708792e-14
3990.00 1.800281e-14
3995.00 1.905460e-14
4000.00 1.982467e-14
4005.00 2.047077e-14
4010.00 2.088764e-14
4015.00 2.150033e-14
4020.00 2.144521e-14
4025.00 2.047231e-14
4030.00 1.988203e-14
4035.00 2.004089e-14
4040.00 1.998416e-14
4045.00 1.960678e-14
4050.00 1.949276e-14
4055.00 1.992907e-14
4060.00 1.946215e-14
4065.00 1.910508e-14
4070.00 1.924187e-14
4075.00 1.955997e-14
4080.00 2.033059e-14
4085.00 2.137950e-14
4090.00 2.172242e-14
4095.00 2.100012e-14
4100.00 1.925494e-14
4105.00 1.897093e-14
4110.00 1.995369e-14
4115.00 2.023160e-14
4120.00 2.027381e-14
4125.00 2.046375e-14
4130.00 2.018483e-14
4135.00 1.972004e-14
4140.00 1.938111e-14
4145.00 1.957273e-14
4150.00 1.907129e-14
4155.00 1.887431e-14
4160.00 1.935517e-14
4165.00 1.972612e-14
4170.00 1.934428e-14
4175.00 1.897551e-14
4180.00 1.913283e-14
4185.00 1.948102e-14
4190.00 1.965053e-14
4195.00 1.963136e-14
4200.00 1.962768e-14
4205.00 2.036724e-14
4210.00 2.120201e-14
4215.00 2.141566e-14
4220.00 2.113606e-14
4225.00 2.020251e-14
4230.00 2.000331e-14
4235.00 2.131790e-14
4240.00 2.283906e-14
4245.00 2.335323e-14
4250.00 2.300124e-14
4255.00 2.255292e-14
4260.00 2.321273e-14
4265.00 2.338109e-14
4270.00 2.246709e-14
4275.00 2.172051e-14
4280.00 2.217804e-14
4285.00 2.221876e-14
4290.00 2.112578e-14
4295.00 1.976390e-14
4300.00 1.824966e-14
4305.00 1.766700e-14
4310.00 1.917229e-14
4315.00 2.220515e-14
4320.00 2.433789e-14
4325.00 2.504232e-14
4330.00 2.544491e-14
4335.00 2.595969e-14
4340.00 2.583060e-14
4345.00 2.600848e-14
4350.00 2.609300e-14
4355.00 2.643779e-14
4360.00 2.755039e-14
4365.00 2.792287e-14
4370.00 2.719017e-14
4375.00 2.588387e-14
4380.00 2.459032e-14
4385.00 2.380803e-14
4390.00 2.426705e-14
4395.00 2.529824e-14
4400.00 2.594187e-14
4405.00 2.557885e-14
4410.00 2.622822e-14
4415.00 2.715731e-14
4420.00 2.768264e-14
4425.00 2.765438e-14
4430.00 2.781680e-14
4435.00 2.788313e-14
4440.00 2.805076e-14
4445.00 2.860912e-14
4450.00 2.868070e-14
4455.00 2.786743e-14
4460.00 2.701228e-14
4465.00 2.778374e-14
4470.00 2.913130e-14
4475.00 3.016497e-14
4480.00 3.083172e-14
4485.00 3.090697e-14
4490.00 3.071870e-14
4495.00 3.126101e-14
4500.00 3.216598e-14
4505.00 3.329915e-14
4510.00 3.387366e-14
4515.00 3.342218e-14
4520.00 3.222268e-14
4525.00 3.032618e-14
4530.00 2.913098e-14
4535.00 2.949962e-14
4540.00 3.056559e-14
4545.00 3.090684e-14
4550.00 3.118080e-14
4555.00 3.233296e-14
4560.00 3.334298e-14
4565.00 3.351991e-14
4570.00 3.329378e-14
4575.00 3.301615e-14
4580.00 3.265141e-14
4585.00 3.263310e-14
4590.00 3.256761e-14
4595.00 3.242115e-14
4600.00 3.234860e-14
4605.00 3.322914e-14
4610.00 3.431485e-14
4615.00 3.486814e-14
4620.00 3.485685e-14
4625.00 3.480771e-14
4630.00 3.453471e-14
4635.00 3.416869e-14
4640.00 3.289187e-14
4645.00 3.162825e-14
4650.00 3.160611e-14
4655.00 3.229239e-14
4660.00 3.229927e-14
4665.00 3.170460e-14
4670.00 3.121608e-14
4675.00 3.131912e-14
4680.00 3.127439e-14
4685.00 3.121595e-14
4690.00 3.129678e-14
4695.00 3.161454e-14
4700.00 3.128555e-14
4705.00 3.119838e-14
4710.00 3.159688e-14
4715.00 3.305504e-14
4720.00 3.408582e-14
4725.00 3.406590e-14
4730.00 3.360191e-14
4735.00 3.354945e-14
4740.00 3.448367e-14
4745.00 3.560642e-14
4750.00 3.539750e-14
4755.00 3.529161e-14
4760.00 3.466915e-14
4765.00 3.423478e-14
4770.00 3.417996e-14
4775.00 3.400921e-14
4780.00 3.433712e-14
4785.00 3.432568e-14
4790.00 3.470422e-14
4795.00 3.552333e-14
4800.00 3.572439e-14
4805.00 3.561676e-14
4810.00 3.600568e-14
4815.00 3.658403e-14
4820.00 3.638586e-14
4825.00 3.557186e-14
4830.00 3.502697e-14
4835.00 3.471323e-14
4840.00 3.491542e-14
4845.00 3.489541e-14
4850.00 3.412713e-14
4855.00 3.325610e-14
4860.00 3.223601e-14
4865.00 3.140129e-14
4870.00 3.199998e-14
4875.00 3.267696e-14
4880.00 3.307062e-14
4885.00 3.305017e-14
4890.00 3.380182e-14
4895.00 3.466279e-14
4900.00 3.544457e-14
4905.00 3.568543e-14
4910.00 3.504039e-14
4915.00 3.426464e-14
4920.00 3.386726e-14
4925.00 3.418746e-14
4930.00 3.481881e-14
4935.00 3.513719e-14
4940.00 3.554822e-14
4945.00 3.595611e-14
4950.00 3.611412e-14
4955.00 3.578145e-14
4960.00 3.498174e-14
4965.00 3.456533e-14
4970.00 3.446446e-14
4975.00 3.385953e-14
4980.00 3.306699e-14
4985.00 3.243322e-14
4990.00 3.228175e-14
4995.00 3.265250e-14
5000.00 3.294776e-14
5005.00 3.246111e-14
5010.00 3.146888e-14
5015.00 3.112774e-14
5020.00 3.155102e-14
5025.00 3.187874e-14
5030.00 3.210831e-14
5035.00 3.201711e-14
5040.00 3.187659e-14
5045.00 3.192002e-14
5050.00 3.258956e-14
5055.00 3.346890e-14
5060.00 3.389329e-14
5065.00 3.373927e-14
5070.00 3.285726e-14
5075.00 3.254085e-14
5080.00 3.198102e-14
5085.00 3.180657e-14
5090.00 3.245610e-14
5095.00 3.243580e-14
5100.00 3.191962e-14
5105.00 3.184461e-14
5110.00 3.224525e-14
5115.00 3.261376e-14
5120.00 3.267090e-14
5125.00 3.186786e-14
5130.00 3.160155e-14
5135.00 3.204543e-14
5140.00 3.175795e-14
5145.00 3.150454e-14
5150.00 3.181709e-14
5155.00 3.197585e-14
5160.00 3.071316e-14
5165.00 2.870475e-14
5170.00 2.661459e-14
5175.00 2.581311e-14
5180.00 2.638469e-14
5185.00 2.776950e-14
5190.00 2.961166e-14
5195.00 3.165116e-14
5200.00 3.243428e-14
5205.00 3.171670e-14
5210.00 3.187192e-14
5215.00 3.328805e-14
5220.00 3.460194e-14
5225.00 3.476204e-14
5230.00 3.494338e-14
5235.00 3.566905e-14
5240.00 3.639087e-14
5245.00 3.681302e-14
5250.00 3.641383e-14
5255.00 3.568920e-14
5260.00 3.443722e-14
5265.00 3.344340e-14
5270.00 3.338073e-14
5275.00 3.461623e-14
5280.00 3.662675e-14
5285.00 3.806238e-14
5290.00 3.857855e-14
5295.00 3.843875e-14
5300.00 3.836323e-14
5305.00 3.908214e-14
5310.00 4.018675e-14
5315.00 4.023323e-14
5320.00 3.923364e-14
5325.00 3.799231e-14
5330.00 3.700418e-14
5335.00 3.713084e-14
5340.00 3.758416e-14
5345.00 3.822094e-14
5350.00 3.920891e-14
5355.00 3.963989e-14
5360.00 3.989745e-14
5365.00 3.955121e-14
5370.00 3.902724e-14
5375.00 3.847285e-14
5380.00 3.880048e-14
5385.00 3.898914e-14
5390.00 3.816045e-14
5395.00 3.731608e-14
5400.00 3.657413e-14
5405.00 3.656660e-14
5410.00 3.674591e-14
5415.00 3.755104e-14
5420.00 3.845087e-14
5425.00 3.874235e-14
5430.00 3.814082e-14
5435.00 3.771351e-14
5440.00 3.817677e-14
5445.00 3.810644e-14
5450.00 3.706392e-14
5455.00 3.600000e-14
5460.00 3.600000e-14
5465.00 3.581570e-14
5470.00 3.500000e-14
5475.00 3.600000e-14
5480.00 3.400000e-14
5485.00 3.322226e-14
5490.00 3.300000e-14
5495.00 3.344450e-14
5500.00 3.685454e-14
5505.00 3.690009e-14
5510.00 3.722828e-14
5515.00 3.732691e-14
5520.00 3.711393e-14
5525.00 3.807649e-14
5530.00 3.927776e-14
5535.00 3.888178e-14
5540.00 3.853547e-14
5545.00 3.816501e-14
5550.00 3.931466e-14
5555.00 3.977586e-14
5560.00 3.905452e-14
5565.00 3.853186e-14
5570.00 3.818277e-14
5575.00 3.810950e-14
5580.00 3.761113e-14
5585.00 3.715232e-14
5590.00 3.660509e-14
5595.00 3.677837e-14
5600.00 3.765326e-14
5605.00 3.851245e-14
5610.00 3.857770e-14
5615.00 3.898861e-14
5620.00 3.837188e-14
5625.00 3.767426e-14
5630.00 3.712169e-14
5635.00 3.727953e-14
5640.00 3.796818e-14
5645.00 3.822752e-14
5650.00 3.785593e-14
5655.00 3.761479e-14
5660.00 3.817775e-14
5665.00 3.875418e-14
5670.00 3.917723e-14
5675.00 3.935696e-14
5680.00 3.900755e-14
5685.00 3.891589e-14
5690.00 3.866774e-14
5695.00 3.892955e-14
5700.00 3.885921e-14
5705.00 3.825411e-14
5710.00 3.846213e-14
5715.00 3.923231e-14
5720.00 3.935948e-14
5725.00 3.978571e-14
5730.00 4.048376e-14
5735.00 4.045425e-14
5740.00 4.005073e-14
5745.00 3.936413e-14
5750.00 3.922577e-14
5755.00 3.977210e-14
5760.00 3.998369e-14
5765.00 4.022066e-14
5770.00 3.991972e-14
5775.00 3.937450e-14
5780.00 3.896113e-14
5785.00 3.871593e-14
5790.00 3.927754e-14
5795.00 3.990533e-14
5800.00 4.007675e-14
5805.00 4.012850e-14
5810.00 3.997456e-14
5815.00 4.014282e-14
5820.00 4.076663e-14
5825.00 4.109236e-14
5830.00 4.066476e-14
5835.00 4.034870e-14
5840.00 4.031517e-14
5845.00 3.983741e-14
5850.00 3.904243e-14
5855.00 3.845928e-14
5860.00 3.858311e-14
5865.00 3.882982e-14
5870.00 3.815575e-14
5875.00 3.670011e-14
5880.00 3.500317e-14
5885.00 3.262022e-14
5890.00 2.965066e-14
5895.00 2.923613e-14
5900.00 3.123602e-14
5905.00 3.398035e-14
5910.00 3.615291e-14
5915.00 3.664671e-14
5920.00 3.770617e-14
5925.00 3.860396e-14
5930.00 3.863901e-14
5935.00 3.820222e-14
5940.00 3.835754e-14
5945.00 3.873532e-14
5950.00 3.870417e-14
5955.00 3.803623e-14
5960.00 3.788757e-14
5965.00 3.867049e-14
5970.00 3.970636e-14
5975.00 3.954426e-14
5980.00 3.868897e-14
5985.00 3.840922e-14
5990.00 3.857080e-14
5995.00 3.932525e-14
6000.00 3.903458e-14
6005.00 3.907452e-14
6010.00 3.839881e-14
6015.00 3.837334e-14
6020.00 3.895071e-14
6025.00 3.980135e-14
6030.00 4.039842e-14
6035.00 4.096816e-14
6040.00 4.090200e-14
6045.00 4.107807e-14
6050.00 4.134951e-14
6055.00 4.112737e-14
6060.00 4.143898e-14
6065.00 4.147792e-14
6070.00 4.113682e-14
6075.00 4.075574e-14
6080.00 4.104696e-14
6085.00 4.104292e-14
6090.00 4.063465e-14
6095.00 4.055772e-14
6100.00 4.045744e-14
6105.00 4.066068e-14
6110.00 4.075110e-14
6115.00 4.161783e-14
6120.00 4.164036e-14
6125.00 4.034945e-14
6130.00 4.015021e-14
6135.00 4.075962e-14
6140.00 4.100349e-14
6145.00 4.075758e-14
6150.00 4.031833e-14
6155.00 3.945276e-14
6160.00 3.903210e-14
6165.00 3.782561e-14
6170.00 3.773305e-14
6175.00 3.894723e-14
6180.00 3.954698e-14
6185.00 3.941804e-14
6190.00 3.921892e-14
6195.00 3.944980e-14
6200.00 3.950291e-14
6205.00 3.937026e-14
6210.00 3.904614e-14
6215.00 3.854647e-14
6220.00 3.809984e-14
6225.00 3.741346e-14
6230.00 3.718851e-14
6235.00 3.770083e-14
6240.00 3.660734e-14
6245.00 3.565831e-14
6250.00 3.577177e-14
6255.00 3.636864e-14
6260.00 3.735825e-14
6265.00 3.816692e-14
6270.00 3.831210e-14
6275.00 3.801354e-14
6280.00 3.839082e-14
6285.00 3.888090e-14
6290.00 3.883006e-14
6295.00 3.852128e-14
6300.00 3.847186e-14
6305.00 3.833890e-14
6310.00 3.808623e-14
6315.00 3.827440e-14
6320.00 3.890108e-14
6325.00 3.933208e-14
6330.00 3.956145e-14
6335.00 3.967458e-14
6340.00 3.944645e-14
6345.00 3.926102e-14
6350.00 3.910218e-14
6355.00 3.863370e-14
6360.00 3.854546e-14
6365.00 3.919069e-14
6370.00 3.987572e-14
6375.00 4.042769e-14
6380.00 4.076583e-14
6385.00 4.038733e-14
6390.00 4.018109e-14
6395.00 4.031493e-14
6400.00 4.030841e-14
6405.00 4.016555e-14
6410.00 4.002055e-14
6415.00 3.981129e-14
6420.00 4.012386e-14
6425.00 4.046992e-14
6430.00 4.079559e-14
6435.00 4.091856e-14
6440.00 4.070151e-14
6445.00 4.039781e-14
6450.00 4.040056e-14
6455.00 4.056072e-14
6460.00 4.087671e-14
6465.00 4.122615e-14
6470.00 4.116379e-14
6475.00 4.097552e-14
6480.00 4.068495e-14
6485.00 4.007100e-14
6490.00 3.935496e-14
6495.00 3.893053e-14
6500.00 3.920026e-14
6505.00 3.988714e-14
6510.00 4.050740e-14
6515.00 4.082915e-14
6520.00 4.081824e-14
6525.00 4.082573e-14
6530.00 4.117282e-14
6535.00 4.116011e-14
6540.00 4.114120e-14
6545.00 4.092434e-14
6550.00 4.036186e-14
6555.00 3.947396e-14
6560.00 3.881961e-14
6565.00 3.893308e-14
6570.00 3.958341e-14
6575.00 4.058545e-14
6580.00 4.144013e-14
6585.00 4.147688e-14
6590.00 4.078056e-14
6595.00 3.991490e-14
6600.00 3.950375e-14
6605.00 3.968337e-14
6610.00 3.983556e-14
6615.00 3.973873e-14
6620.00 3.965179e-14
6625.00 3.943939e-14
6630.00 3.912356e-14
6635.00 3.893902e-14
6640.00 3.896082e-14
6645.00 3.909520e-14
6650.00 3.898540e-14
6655.00 3.875510e-14
6660.00 3.871655e-14
6665.00 3.860255e-14
6670.00 3.855543e-14
6675.00 3.842711e-14
6680.00 3.857821e-14
6685.00 3.858101e-14
6690.00 3.841401e-14
6695.00 3.841597e-14
6700.00 3.840276e-14
6705.00 3.865189e-14
6710.00 3.875855e-14
6715.00 3.865098e-14
6720.00 3.867484e-14
6725.00 3.898392e-14
6730.00 3.910353e-14
6735.00 3.898132e-14
6740.00 3.871045e-14
6745.00 3.830283e-14
6750.00 3.823173e-14
6755.00 3.850165e-14
6760.00 3.880861e-14
6765.00 3.889787e-14
6770.00 3.896885e-14
6775.00 3.903198e-14
6780.00 3.885046e-14
6785.00 3.847539e-14
6790.00 3.856542e-14
6795.00 3.859068e-14
6800.00 3.863545e-14
6805.00 3.877471e-14
6810.00 3.884029e-14
6815.00 3.882589e-14
6820.00 3.883719e-14
6825.00 3.881504e-14
6830.00 3.881182e-14
6835.00 3.883580e-14
6840.00 3.884358e-14
6845.00 3.874539e-14
6850.00 3.875924e-14
6855.00 3.886865e-14
6860.00 3.886503e-14
6865.00 3.894063e-14
6870.00 3.920026e-14
6875.00 3.933698e-14
6880.00 3.934707e-14
6885.00 3.955673e-14
6890.00 4.001538e-14
6895.00 4.038192e-14
6900.00 4.041425e-14
6905.00 4.035637e-14
6910.00 4.031489e-14
6915.00 4.016178e-14
6920.00 3.996947e-14
6925.00 4.007965e-14
6930.00 4.024268e-14
6935.00 4.026366e-14
6940.00 4.014873e-14
6945.00 4.010867e-14
6950.00 4.020289e-14
6955.00 4.027858e-14
6960.00 4.039032e-14
6965.00 4.050106e-14
6970.00 4.043137e-14
6975.00 4.067159e-14
6980.00 4.057870e-14
6985.00 4.051135e-14
6990.00 4.064076e-14
6995.00 4.058501e-14
7000.00 4.051092e-14
7005.00 4.051325e-14
7010.00 4.043479e-14
7015.00 4.050046e-14
7020.00 4.048590e-14
7025.00 4.047053e-14
7030.00 4.081948e-14
7035.00 4.118555e-14
7040.00 4.131121e-14
7045.00 4.115808e-14
7050.00 4.031469e-14
7055.00 3.929738e-14
7060.00 3.852404e-14
7065.00 3.826900e-14
7070.00 3.811464e-14
7075.00 3.793158e-14
7080.00 3.756565e-14
7085.00 3.718660e-14
7090.00 3.684054e-14
7095.00 3.666054e-14
7100.00 3.674800e-14
7105.00 3.653829e-14
7110.00 3.654790e-14
7115.00 3.651233e-14
7120.00 3.616771e-14
7125.00 3.578341e-14
7130.00 3.595559e-14
7135.00 3.554777e-14
7140.00 3.539774e-14
7145.00 3.580283e-14
7150.00 3.603873e-14
7155.00 3.624107e-14
7160.00 3.649312e-14
7165.00 3.627920e-14
7170.00 3.645724e-14
7175.00 3.625250e-14
7180.00 3.617974e-14
7185.00 3.631563e-14
7190.00 3.628699e-14
7195.00 3.630892e-14
7200.00 3.647864e-14
7205.00 3.650611e-14
7210.00 3.654232e-14
7215.00 3.699471e-14
7220.00 3.739053e-14
7225.00 3.764887e-14
7230.00 3.798653e-14
7235.00 3.814838e-14
7240.00 3.851096e-14
7245.00 3.862492e-14
7250.00 3.834779e-14
7255.00 3.831707e-14
7260.00 3.863097e-14
7265.00 3.868312e-14
7270.00 3.880556e-14
7275.00 3.859240e-14
7280.00 3.855132e-14
7285.00 3.850461e-14
7290.00 3.860878e-14
7295.00 3.883154e-14
7300.00 3.917996e-14
7305.00 3.969236e-14
7310.00 3.995819e-14
7315.00 3.972932e-14
7320.00 3.973426e-14
7325.00 4.001128e-14
7330.00 4.033790e-14
7335.00 4.065741e-14
7340.00 4.074022e-14
7345.00 4.053444e-14
7350.00 4.019923e-14
7355.00 4.000596e-14
7360.00 4.012365e-14
7365.00 4.071168e-14
7370.00 4.122766e-14
7375.00 4.138768e-14
7380.00 4.137593e-14
7385.00 4.115894e-14
7390.00 4.101495e-14
7395.00 4.112317e-14
7400.00 4.119045e-14
7405.00 4.120856e-14
7410.00 4.110366e-14
7415.00 4.096505e-14
7420.00 4.123629e-14
7425.00 4.146623e-14
7430.00 4.169370e-14
7435.00 4.195304e-14
7440.00 4.196953e-14
7445.00 4.203835e-14
7450.00 4.174256e-14
7455.00 4.207176e-14
7460.00 4.225138e-14
7465.00 4.238475e-14
7470.00 4.250614e-14
7475.00 4.248642e-14
7480.00 4.244481e-14
7485.00 4.231386e-14
7490.00 4.225057e-14
7495.00 4.234517e-14
7500.00 4.247621e-14
7505.00 4.249333e-14
7510.00 4.246072e-14
7515.00 4.252173e-14
7520.00 4.257820e-14
7525.00 4.255238e-14
7530.00 4.249229e-14
7535.00 4.240971e-14
7540.00 4.232647e-14
7545.00 4.215346e-14
7550.00 4.195596e-14
7555.00 4.189646e-14
7560.00 4.188415e-14
7565.00 4.181238e-14
7570.00 4.181550e-14
7575.00 4.148673e-14
7580.00 4.109538e-14
7585.00 4.095205e-14
7590.00 4.091675e-14
7595.00 4.080587e-14
7600.00 4.056156e-14
7605.00 4.050402e-14
7610.00 4.060781e-14
7615.00 4.067387e-14
7620.00 4.054184e-14
7625.00 4.029369e-14
7630.00 4.041406e-14
7635.00 4.049228e-14
7640.00 4.042081e-14
7645.00 4.011764e-14
7650.00 3.960794e-14
7655.00 3.897592e-14
7660.00 3.835580e-14
7665.00 3.808071e-14
7670.00 3.809443e-14
7675.00 3.857069e-14
7680.00 3.874885e-14
7685.00 3.869462e-14
7690.00 3.875563e-14
7695.00 3.864363e-14
7700.00 3.853224e-14
7705.00 3.846744e-14
7710.00 3.848207e-14
7715.00 3.852240e-14
7720.00 3.867087e-14
7725.00 3.899235e-14
7730.00 3.925453e-14
7735.00 3.958723e-14
7740.00 3.953598e-14
7745.00 3.923032e-14
7750.00 3.903987e-14
7755.00 3.917898e-14
7760.00 3.940695e-14
7765.00 3.954426e-14
7770.00 3.978946e-14
7775.00 3.994373e-14
7780.00 3.970388e-14
7785.00 3.929542e-14
7790.00 3.961520e-14
7795.00 3.979513e-14
7800.00 3.978490e-14
7805.00 3.996575e-14
7810.00 4.020554e-14
7815.00 4.031885e-14
7820.00 4.040942e-14
7825.00 4.023656e-14
7830.00 3.978421e-14
7835.00 3.954308e-14
7840.00 3.955010e-14
7845.00 3.960425e-14
7850.00 3.972354e-14
7855.00 3.985654e-14
7860.00 4.001830e-14
7865.00 4.009889e-14
7870.00 3.981497e-14
7875.00 3.928489e-14
7880.00 3.935266e-14
7885.00 3.923782e-14
7890.00 3.911073e-14
7895.00 3.902132e-14
7900.00 3.888061e-14
7905.00 3.858449e-14
7910.00 3.820884e-14
7915.00 3.801721e-14
7920.00 3.776653e-14
7925.00 3.777829e-14
7930.00 3.795980e-14
7935.00 3.783723e-14
7940.00 3.806752e-14
7945.00 3.806050e-14
7950.00 3.830750e-14
7955.00 3.875265e-14
7960.00 3.909921e-14
7965.00 3.955517e-14
7970.00 3.987972e-14
7975.00 3.991780e-14
7980.00 3.980912e-14
7985.00 3.976472e-14
7990.00 3.986911e-14
7995.00 3.992075e-14
8000.00 4.018565e-14
8005.00 4.058700e-14
8010.00 4.097441e-14
8015.00 4.114416e-14
8020.00 4.101974e-14
8025.00 4.104309e-14
8030.00 4.113603e-14
8035.00 4.129508e-14
8040.00 4.143960e-14
8045.00 4.133370e-14
8050.00 4.095600e-14
8055.00 4.065991e-14
8060.00 4.035121e-14
8065.00 4.016431e-14
8070.00 4.033247e-14
8075.00 4.012535e-14
8080.00 3.952708e-14
8085.00 3.924230e-14
8090.00 3.922588e-14
8095.00 3.903373e-14
8100.00 3.946328e-14
8105.00 3.988177e-14
8110.00 4.010615e-14
8115.00 4.029746e-14
8120.00 4.080738e-14
8125.00 4.155839e-14
8130.00 4.196991e-14
8135.00 4.211438e-14
8140.00 4.217430e-14
8145.00 4.211544e-14
8150.00 4.177061e-14
8155.00 4.220537e-14
8160.00 4.286316e-14
8165.00 4.308572e-14
8170.00 4.272308e-14
8175.00 4.206645e-14
8180.00 4.147594e-14
8185.00 4.066069e-14
8190.00 3.996498e-14
8195.00 3.991679e-14
8200.00 4.020101e-14
8205.00 4.009975e-14
8210.00 4.034229e-14
8215.00 4.094066e-14
8220.00 4.130110e-14
8225.00 4.157036e-14
8230.00 4.148178e-14
8235.00 4.136624e-14
8240.00 4.145551e-14
8245.00 4.171008e-14
8250.00 4.166813e-14
8255.00 4.202926e-14
8260.00 4.263191e-14
8265.00 4.282995e-14
8270.00 4.176975e-14
8275.00 4.138123e-14
8280.00 4.115937e-14
8285.00 4.091050e-14
8290.00 4.071673e-14
8295.00 4.041245e-14
8300.00 3.997966e-14
8305.00 3.963951e-14
8310.00 3.954622e-14
8315.00 3.964513e-14
8320.00 3.966779e-14
8325.00 3.951406e-14
8330.00 3.931136e-14
8335.00 3.923431e-14
8340.00 3.929419e-14
8345.00 3.944218e-14
8350.00 3.948072e-14
8355.00 3.944868e-14
8360.00 3.954695e-14
8365.00 3.952391e-14
8370.00 3.951341e-14
8375.00 3.938319e-14
8380.00 3.909413e-14
8385.00 3.902855e-14
8390.00 3.921731e-14
8395.00 3.956268e-14
8400.00 3.992461e-14
8405.00 4.011116e-14
8410.00 3.995455e-14
8415.00 3.971953e-14
8420.00 3.946366e-14
8425.00 3.914133e-14
8430.00 3.862040e-14
8435.00 3.825771e-14
8440.00 3.820360e-14
8445.00 3.833465e-14
8450.00 3.823478e-14
8455.00 3.832289e-14
8460.00 3.828210e-14
8465.00 3.817388e-14
8470.00 3.817389e-14
8475.00 3.840383e-14
8480.00 3.834502e-14
8485.00 3.798351e-14
8490.00 3.744526e-14
8495.00 3.700379e-14
8500.00 3.693025e-14
8505.00 3.716254e-14
8510.00 3.750252e-14
8515.00 3.767990e-14
8520.00 3.757213e-14
8525.00 3.682477e-14
8530.00 3.558487e-14
8535.00 3.443967e-14
8540.00 3.435013e-14
8545.00 3.511095e-14
8550.00 3.639002e-14
8555.00 3.778378e-14
8560.00 3.875256e-14
8565.00 3.940836e-14
8570.00 3.970195e-14
8575.00 3.967731e-14
8580.00 3.980173e-14
8585.00 3.995983e-14
8590.00 4.013945e-14
8595.00 4.029369e-14
8600.00 4.023212e-14
8605.00 4.047502e-14
8610.00 4.062630e-14
8615.00 4.062944e-14
8620.00 4.077925e-14
8625.00 4.096012e-14
8630.00 4.105946e-14
8635.00 4.097451e-14
8640.00 4.062243e-14
8645.00 4.012190e-14
8650.00 3.914294e-14
8655.00 3.790286e-14
8660.00 3.715639e-14
8665.00 3.744808e-14
8670.00 3.824242e-14
8675.00 3.908352e-14
8680.00 3.964602e-14
8685.00 3.981526e-14
8690.00 4.018689e-14
8695.00 4.071897e-14
8700.00 4.090796e-14
8705.00 4.116641e-14
8710.00 4.139091e-14
8715.00 4.156007e-14
8720.00 4.168670e-14
8725.00 4.169574e-14
8730.00 4.165842e-14
8735.00 4.162805e-14
8740.00 4.161309e-14
8745.00 4.149800e-14
8750.00 4.153439e-14
8755.00 4.179679e-14
8760.00 4.205918e-14
8765.00 4.210865e-14
8770.00 4.213159e-14
8775.00 4.217513e-14
8780.00 4.212891e-14
8785.00 4.192686e-14
8790.00 4.186186e-14
8795.00 4.191642e-14
8800.00 4.156613e-14
8805.00 4.105648e-14
8810.00 4.099320e-14
8815.00 4.169742e-14
8820.00 4.197088e-14
8825.00 4.223571e-14
8830.00 4.245965e-14
8835.00 4.252481e-14
8840.00 4.252467e-14
8845.00 4.262152e-14
8850.00 4.266593e-14
8855.00 4.240481e-14
8860.00 4.189708e-14
8865.00 4.144049e-14
8870.00 4.115892e-14
8875.00 4.097783e-14
8880.00 4.098189e-14
8885.00 4.123356e-14
8890.00 4.170837e-14
8895.00 4.212886e-14
8900.00 4.182696e-14
8905.00 4.150422e-14
8910.00 4.169245e-14
8915.00 4.149933e-14
8920.00 4.132931e-14
8925.00 4.141394e-14
8930.00 4.187955e-14
8935.00 4.195225e-14
8940.00 4.160621e-14
8945.00 4.119325e-14
8950.00 4.156289e-14
8955.00 4.192906e-14
8960.00 4.200459e-14
8965.00 4.178512e-14
8970.00 4.189276e-14
8975.00 4.212992e-14
8980.00 4.236738e-14
8985.00 4.249820e-14
8990.00 4.280637e-14
8995.00 4.266307e-14
9000.00 4.210624e-14
9005.00 4.193011e-14
9010.00 4.165703e-14
9015.00 4.147309e-14
9020.00 4.172563e-14
9025.00 4.229992e-14
9030.00 4.274517e-14
9035.00 4.307795e-14
9040.00 4.344693e-14
9045.00 4.321864e-14
9050.00 4.304609e-14
9055.00 4.341128e-14
9060.00 4.358287e-14
9065.00 4.328669e-14
9070.00 4.287907e-14
9075.00 4.292437e-14
9080.00 4.279399e-14
9085.00 4.243967e-14
9090.00 4.204147e-14
9095.00 4.228039e-14
9100.00 4.244931e-14
9105.00 4.248682e-14
9110.00 4.256581e-14
9115.00 4.295259e-14
9120.00 4.338132e-14
9125.00 4.358625e-14
9130.00 4.319861e-14
9135.00 4.290923e-14
9140.00 4.272683e-14
9145.00 4.237144e-14
9150.00 4.199563e-14
9155.00 4.178078e-14
9160.00 4.181336e-14
9165.00 4.203019e-14
9170.00 4.219862e-14
9175.00 4.225291e-14
9180.00 4.217324e-14
9185.00 4.219278e-14
9190.00 4.187594e-14
9195.00 4.111614e-14
9200.00 4.067323e-14
9205.00 4.039657e-14
9210.00 4.031193e-14
9215.00 4.074108e-14
9220.00 4.076775e-14
9225.00 4.042904e-14
9230.00 3.983596e-14
9235.00 3.936417e-14
9240.00 3.924877e-14
9245.00 3.953443e-14
9250.00 3.991092e-14
9255.00 4.047481e-14
9260.00 4.087593e-14
9265.00 4.072163e-14
9270.00 4.130883e-14
9275.00 4.164408e-14
9280.00 4.096099e-14
9285.00 4.089276e-14
9290.00 4.031483e-14
9295.00 3.936990e-14
9300.00 3.927415e-14
9305.00 4.018571e-14
9310.00 4.099831e-14
9315.00 4.026707e-14
9320.00 4.051183e-14
9325.00 4.086151e-14
9330.00 4.063091e-14
9335.00 3.977782e-14
9340.00 3.946379e-14
9345.00 3.957542e-14
9350.00 3.886832e-14
9355.00 3.883336e-14
9360.00 3.926041e-14
9365.00 3.925580e-14
9370.00 3.901332e-14
9375.00 3.892101e-14
9380.00 3.915026e-14
9385.00 3.908795e-14
9390.00 3.872425e-14
9395.00 3.820813e-14
9400.00 3.873030e-14
9405.00 3.835392e-14
9410.00 3.748385e-14
9415.00 3.762366e-14
9420.00 3.887719e-14
9425.00 3.983115e-14
9430.00 3.820101e-14
9435.00 3.812665e-14
9440.00 3.875555e-14
9445.00 3.929829e-14
9450.00 3.910069e-14
9455.00 3.921664e-14
9460.00 3.987819e-14
9465.00 3.989921e-14
9470.00 3.963920e-14
9475.00 3.935209e-14
9480.00 3.963555e-14
9485.00 3.992418e-14
9490.00 4.012677e-14
9495.00 4.021049e-14
9500.00 4.076574e-14
9505.00 4.109989e-14
9510.00 3.996803e-14
9515.00 3.990596e-14
9520.00 4.021328e-14
9525.00 4.032147e-14
9530.00 4.025791e-14
9535.00 4.021391e-14
9540.00 4.022073e-14
9545.00 3.994952e-14
9550.00 3.964029e-14
9555.00 3.948233e-14
9560.00 4.020572e-14
9565.00 4.052864e-14
9570.00 4.036982e-14
9575.00 4.011334e-14
9580.00 4.001902e-14
9585.00 4.003879e-14
9590.00 3.992611e-14
9595.00 3.987396e-14
9600.00 3.995520e-14
9605.00 4.030281e-14
9610.00 4.079451e-14
9615.00 4.114534e-14
9620.00 4.103188e-14
9625.00 4.062793e-14
9630.00 4.016949e-14
9635.00 3.993928e-14
9640.00 4.014694e-14
9645.00 4.035897e-14
9650.00 4.019960e-14
9655.00 3.995733e-14
9660.00 3.998983e-14
9665.00 4.043662e-14
9670.00 4.060301e-14
9675.00 4.061643e-14
9680.00 4.059985e-14
9685.00 4.082486e-14
9690.00 4.067010e-14
9695.00 3.992534e-14
9700.00 3.988570e-14
9705.00 4.020334e-14
9710.00 4.066821e-14
9715.00 4.073918e-14
9720.00 4.065647e-14
9725.00 4.052120e-14
9730.00 4.025066e-14
9735.00 3.990544e-14
9740.00 3.953967e-14
9745.00 3.946572e-14
9750.00 3.948375e-14
9755.00 3.953896e-14
9760.00 3.960865e-14
9765.00 3.980241e-14
9770.00 4.005611e-14
9775.00 3.964288e-14
9780.00 3.945650e-14
9785.00 3.978044e-14
9790.00 4.072213e-14
9795.00 4.063025e-14
9800.00 3.954307e-14
9805.00 3.974692e-14
9810.00 4.004826e-14
9815.00 3.992605e-14
9820.00 3.958188e-14
9825.00 3.958729e-14
9830.00 4.016478e-14
9835.00 4.050873e-14
9840.00 4.056113e-14
9845.00 4.033643e-14
9850.00 4.038789e-14
9855.00 4.038577e-14
9860.00 4.031310e-14
9865.00 4.119481e-14
9870.00 4.172213e-14
9875.00 4.092909e-14
9880.00 4.036154e-14
9885.00 4.006829e-14
9890.00 4.007829e-14
9895.00 3.547574e-14
9900.00 3.359224e-14
9905.00 3.903743e-14
9910.00 4.072315e-14
9915.00 3.998032e-14
9920.00 3.887450e-14
9925.00 3.832357e-14
9930.00 3.816658e-14
9935.00 3.821544e-14
9945.00 3.978410e-14
9955.00 3.970421e-14
9965.00 3.962457e-14
9975.00 3.954516e-14
9985.00 3.946599e-14
9995.00 3.938706e-14
10005.00 3.930836e-14
10015.00 3.922990e-14
10025.00 3.915168e-14
10035.00 3.907368e-14
10045.00 3.899593e-14
10055.00 3.891840e-14
10065.00 3.884110e-14
10075.00 3.876404e-14
10085.00 3.868720e-14
10095.00 3.861059e-14
10105.00 3.853421e-14
10115.00 3.845806e-14
10125.00 3.838213e-14
10135.00 3.830642e-14
10145.00 3.823094e-14
10155.00 3.815569e-14
10165.00 3.808065e-14
10175.00 3.800584e-14
10185.00 3.793124e-14
10195.00 3.785687e-14
10205.00 3.778271e-14
10215.00 3.770877e-14
10225.00 3.763505e-14
10235.00 3.756154e-14
10245.00 3.748825e-14
10255.00 3.741518e-14
10265.00 3.734231e-14
10275.00 3.726966e-14
10285.00 3.719722e-14
10295.00 3.712500e-14
10305.00 3.705298e-14
10315.00 3.698117e-14
10325.00 3.690957e-14
10335.00 3.683818e-14
10345.00 3.676699e-14
10355.00 3.669602e-14
10365.00 3.662524e-14
10375.00 3.655467e-14
10385.00 3.648431e-14
10395.00 3.641415e-14
10405.00 3.634419e-14
10415.00 3.627443e-14
10425.00 3.620487e-14
10435.00 3.613551e-14
10445.00 3.606635e-14
10455.00 3.599739e-14
10465.00 3.592863e-14
10475.00 3.586006e-14
10485.00 3.579169e-14
10495.00 3.572352e-14
10505.00 3.565554e-14
10515.00 3.558775e-14
10525.00 3.552016e-14
10535.00 3.545276e-14
10545.00 3.538555e-14
10555.00 3.531853e-14
10565.00 3.525170e-14
10575.00 3.518507e-14
10585.00 3.511862e-14
10595.00 3.505236e-14
10605.00 3.498628e-14
10615.00 3.492039e-14
10625.00 3.485469e-14
10635.00 3.478918e-14
10645.00 3.472384e-14
10655.00 3.465870e-14
10665.00 3.459373e-14
10675.00 3.452895e-14
10685.00 3.446435e-14
10695.00 3.439993e-14
10705.00 3.433569e-14
10715.00 3.427163e-14
10725.00 3.420775e-14
10735.00 3.414405e-14
10745.00 3.408053e-14
10755.00 3.401718e-14
10765.00 3.395401e-14
10775.00 3.389101e-14
10785.00 3.382819e-14
10795.00 3.376555e-14
10805.00 3.370308e-14
10815.00 3.364078e-14
10825.00 3.357866e-14
10835.00 3.351670e-14
10845.00 3.345492e-14
10855.00 3.339331e-14
10865.00 3.333187e-14
10875.00 3.327060e-14
10885.00 3.320949e-14
10895.00 3.314856e-14
10905.00 3.308779e-14
10915.00 3.302719e-14
10925.00 3.296676e-14
10935.00 3.290649e-14
10945.00 3.284639e-14
10955.00 3.278645e-14
10965.00 3.272667e-14
10975.00 3.266706e-14
10985.00 3.260761e-14
10995.00 3.254833e-14
11005.00 3.248920e-14
