# Galaxy: Starburst: Kinney et al. (1996) galaxy templates, STScI CDBS. Starburst SB1 (E(B-V) < 0.10). Extended beyond 9945 A with constant f_nu.
# wavelength[A] f_lambda[relative]
1235.00 2.078828e-13
1240.00 2.335324e-13
1245.00 2.209440e-13
1250.00 2.175632e-13
1255.00 2.101396e-13
1260.00 2.196413e-13
1265.00 2.334837e-13
1270.00 2.372504e-13
1275.00 2.448272e-13
1280.00 2.311691e-13
1285.00 2.257314e-13
1290.00 2.069001e-13
1295.00 1.931295e-13
1300.00 1.726647e-13
1305.00 2.005472e-13
1310.00 2.208639e-13
1315.00 2.241192e-13
1320.00 2.004943e-13
1325.00 2.076730e-13
1330.00 1.950170e-13
1335.00 1.841428e-13
1340.00 1.969251e-13
1345.00 2.034266e-13
1350.00 2.126215e-13
1355.00 2.043346e-13
1360.00 2.051727e-13
1365.00 2.006701e-13
1370.00 1.957606e-13
1375.00 1.863451e-13
1380.00 1.837583e-13
1385.00 1.696430e-13
1390.00 1.566605e-13
1395.00 1.636032e-13
1400.00 1.724241e-13
1405.00 1.755929e-13
1410.00 1.838959e-13
1415.00 1.790634e-13
1420.00 1.891602e-13
1425.00 1.809052e-13
1430.00 1.927342e-13
1435.00 1.907888e-13
1440.00 1.858804e-13
1445.00 1.940644e-13
1450.00 1.985438e-13
1455.00 1.907067e-13
1460.00 1.945132e-13
1465.00 1.923351e-13
1470.00 2.019578e-13
1475.00 1.950093e-13
1480.00 2.035330e-13
1485.00 2.078445e-13
1490.00 1.955809e-13
1495.00 1.791720e-13
1500.00 1.797071e-13
1505.00 1.904778e-13
1510.00 1.741769e-13
1515.00 1.726658e-13
1520.00 1.700126e-13
1525.00 1.669974e-13
1530.00 1.580093e-13
1535.00 1.509440e-13
1540.00 1.356726e-13
1545.00 1.236759e-13
1550.00 1.434691e-13
1555.00 1.824483e-13
1560.00 1.647073e-13
1565.00 1.628097e-13
1570.00 1.647913e-13
1575.00 1.590862e-13
1580.00 1.537592e-13
1585.00 1.604700e-13
1590.00 1.540082e-13
1595.00 1.437163e-13
1600.00 1.497078e-13
1605.00 1.419751e-13
1610.00 1.387043e-13
1615.00 1.489997e-13
1620.00 1.419907e-13
1625.00 1.425646e-13
1630.00 1.433960e-13
1635.00 1.504417e-13
1640.00 1.550132e-13
1645.00 1.587644e-13
1650.00 1.561176e-13
1655.00 1.404257e-13
1660.00 1.487911e-13
1665.00 1.513964e-13
1670.00 1.361160e-13
1675.00 1.421704e-13
1680.00 1.483572e-13
1685.00 1.443168e-13
1690.00 1.383942e-13
1695.00 1.418461e-13
1700.00 1.417978e-13
1705.00 1.404279e-13
1710.00 1.377306e-13
1715.00 1.338935e-13
1720.00 1.431965e-13
1725.00 1.384578e-13
1730.00 1.508910e-13
1735.00 1.457471e-13
1740.00 1.406402e-13
1745.00 1.419860e-13
1750.00 1.446941e-13
1755.00 1.507198e-13
1760.00 1.392897e-13
1765.00 1.384149e-13
1770.00 1.338042e-13
1775.00 1.184841e-13
1780.00 1.321514e-13
1785.00 1.360321e-13
1790.00 1.328439e-13
1795.00 1.311805e-13
1800.00 1.345147e-13
1805.00 1.346046e-13
1810.00 1.322827e-13
1815.00 1.297609e-13
1820.00 1.289202e-13
1825.00 1.267103e-13
1830.00 1.274187e-13
1835.00 1.224367e-13
1840.00 1.229877e-13
1845.00 1.200792e-13
1850.00 1.159009e-13
1855.00 1.157466e-13
1860.00 1.154635e-13
1865.00 1.175756e-13
1870.00 1.186257e-13
1875.00 1.178067e-13
1880.00 1.216376e-13
1885.00 1.168313e-13
1890.00 1.128087e-13
1895.00 1.138979e-13
1900.00 1.174414e-13
1905.00 1.319818e-13
1910.00 1.277628e-13
1915.00 1.081266e-13
1920.00 1.022970e-13
1925.00 1.037528e-13
1930.00 9.959108e-14
1935.00 1.098980e-13
1940.00 1.137759e-13
1945.00 1.142737e-13
1950.00 1.101270e-13
1955.00 1.048305e-13
1960.00 1.022489e-13
1965.00 9.061161e-14
1970.00 7.496720e-14
1975.00 7.725882e-14
1980.00 1.057696e-13
1985.00 1.080293e-13
1990.00 1.140080e-13
1995.00 1.195215e-13
2000.00 1.058179e-13
2005.00 1.173600e-13
2010.00 1.032278e-13
2015.00 1.056936e-13
2020.00 9.983697e-14
2025.00 1.147494e-13
2030.00 9.696632e-14
2035.00 1.190482e-13
2040.00 1.108820e-13
2045.00 1.014289e-13
2050.00 1.057029e-13
2055.00 1.038239e-13
2060.00 1.126663e-13
2065.00 9.917425e-14
2070.00 9.769600e-14
2075.00 1.010022e-13
2080.00 1.141132e-13
2085.00 1.032764e-13
2090.00 9.986680e-14
2095.00 9.085868e-14
2100.00 1.033580e-13
2105.00 1.125810e-13
2110.00 1.056806e-13
2115.00 9.552706e-14
2120.00 9.496590e-14
2125.00 8.802690e-14
2130.00 9.828408e-14
2135.00 9.557657e-14
2140.00 9.236137e-14
2145.00 9.606642e-14
2150.00 9.636581e-14
2155.00 9.394377e-14
2160.00 8.560892e-14
2165.00 1.056328e-13
2170.00 8.707849e-14
2175.00 8.800853e-14
2180.00 1.016699e-13
2185.00 9.591886e-14
2190.00 8.316964e-14
2195.00 8.984188e-14
2200.00 1.029241e-13
2205.00 9.331196e-14
2210.00 9.526708e-14
2215.00 9.182162e-14
2220.00 8.695944e-14
2225.00 8.825315e-14
2230.00 9.819498e-14
2235.00 8.962120e-14
2240.00 8.715253e-14
2245.00 9.403954e-14
2250.00 8.870683e-14
2255.00 8.683312e-14
2260.00 8.994986e-14
2265.00 8.512695e-14
2270.00 8.523301e-14
2275.00 9.301103e-14
2280.00 8.252217e-14
2285.00 8.748655e-14
2290.00 9.243867e-14
2295.00 7.907252e-14
2300.00 8.869592e-14
2305.00 9.269927e-14
2310.00 9.174565e-14
2315.00 8.774898e-14
2320.00 8.445164e-14
2325.00 9.133397e-14
2330.00 9.428932e-14
2335.00 8.873411e-14
2340.00 7.186333e-14
2345.00 7.990300e-14
2350.00 8.064174e-14
2355.00 6.984652e-14
2360.00 8.020731e-14
2365.00 7.352663e-14
2370.00 7.886719e-14
2375.00 7.594478e-14
2380.00 7.678322e-14
2385.00 7.562808e-14
2390.00 7.679991e-14
2395.00 7.935639e-14
2400.00 7.499832e-14
2405.00 8.221866e-14
2410.00 7.701219e-14
2415.00 8.024183e-14
2420.00 8.165406e-14
2425.00 7.668262e-14
2430.00 7.967225e-14
2435.00 8.095366e-14
2440.00 7.933915e-14
2445.00 7.980183e-14
2450.00 7.656098e-14
2455.00 7.723847e-14
2460.00 7.094715e-14
2465.00 7.667100e-14
2470.00 7.777885e-14
2475.00 8.113626e-14
2480.00 7.355165e-14
2485.00 7.322258e-14
2490.00 7.136372e-14
2495.00 7.389145e-14
2500.00 6.892140e-14
2505.00 7.052389e-14
2510.00 6.967986e-14
2515.00 6.693629e-14
2520.00 6.974140e-14
2525.00 6.850720e-14
2530.00 7.044773e-14
2535.00 7.224972e-14
2540.00 7.133318e-14
2545.00 6.662613e-14
2550.00 6.769133e-14
2555.00 6.594248e-14
2560.00 6.443603e-14
2565.00 6.412915e-14
2570.00 6.530898e-14
2575.00 6.068136e-14
2580.00 6.337473e-14
2585.00 6.290803e-14
2590.00 6.564860e-14
2595.00 6.068216e-14
2600.00 6.366416e-14
2605.00 6.240693e-14
2610.00 6.699276e-14
2615.00 6.657846e-14
2620.00 6.795672e-14
2625.00 6.641608e-14
2630.00 6.579797e-14
2635.00 6.683363e-14
2640.00 6.298889e-14
2645.00 6.448585e-14
2650.00 6.652439e-14
2655.00 6.645125e-14
2660.00 6.323016e-14
2665.00 6.353595e-14
2670.00 6.197197e-14
2675.00 6.028874e-14
2680.00 6.356791e-14
2685.00 6.227318e-14
2690.00 6.263084e-14
2695.00 6.263675e-14
2700.00 6.077044e-14
2705.00 6.054081e-14
2710.00 6.207153e-14
2715.00 5.858636e-14
2720.00 5.724960e-14
2725.00 5.944973e-14
2730.00 5.987132e-14
2735.00 6.006002e-14
2740.00 6.110820e-14
2745.00 5.962021e-14
2750.00 5.916972e-14
2755.00 6.014435e-14
2760.00 5.927532e-14
2765.00 5.808435e-14
2770.00 5.572143e-14
2775.00 5.095230e-14
2780.00 5.382520e-14
2785.00 5.634427e-14
2790.00 6.263676e-14
2795.00 6.659615e-14
2800.00 6.781214e-14
2805.00 6.256650e-14
2810.00 6.029669e-14
2815.00 5.729173e-14
2820.00 5.710495e-14
2825.00 5.921287e-14
2830.00 5.922691e-14
2835.00 5.469631e-14
2840.00 5.450064e-14
2845.00 5.782536e-14
2850.00 5.501721e-14
2855.00 5.443031e-14
2860.00 5.638152e-14
2865.00 5.643714e-14
2870.00 5.593069e-14
2875.00 5.324529e-14
2880.00 5.488628e-14
2885.00 5.255378e-14
2890.00 5.044343e-14
2895.00 5.303140e-14
2900.00 5.638153e-14
2905.00 5.461469e-14
2910.00 5.299042e-14
2915.00 5.469126e-14
2920.00 5.358403e-14
2925.00 5.372778e-14
2930.00 5.613938e-14
2935.00 5.618945e-14
2940.00 5.618872e-14
2945.00 5.652867e-14
2950.00 5.620722e-14
2955.00 5.379577e-14
2960.00 5.295704e-14
2965.00 5.324015e-14
2970.00 5.642351e-14
2975.00 5.642623e-14
2980.00 5.454888e-14
2985.00 5.371551e-14
2990.00 5.643702e-14
2995.00 5.667745e-14
3000.00 5.532056e-14
3005.00 5.364808e-14
3010.00 5.426895e-14
3015.00 5.469859e-14
3020.00 5.040090e-14
3025.00 4.858631e-14
3030.00 5.150486e-14
3035.00 5.116826e-14
3040.00 5.281258e-14
3045.00 5.122300e-14
3050.00 5.043456e-14
3055.00 5.012817e-14
3060.00 5.165495e-14
3065.00 4.977968e-14
3070.00 5.256613e-14
3075.00 5.331420e-14
3080.00 5.425930e-14
3085.00 4.989754e-14
3090.00 5.039416e-14
3095.00 4.899397e-14
3100.00 4.933979e-14
3105.00 5.235416e-14
3110.00 5.178794e-14
3115.00 5.092345e-14
3120.00 4.924334e-14
3125.00 4.745030e-14
3130.00 5.303990e-14
3135.00 5.243632e-14
3140.00 5.208881e-14
3145.00 4.630211e-14
3150.00 4.643285e-14
3155.00 5.017012e-14
3160.00 5.440402e-14
3165.00 4.965456e-14
3170.00 5.248561e-14
3175.00 4.952845e-14
3180.00 4.769025e-14
3185.00 6.311960e-14
3190.00 6.817990e-14
3195.00 5.619426e-14
3200.00 5.662272e-14
3205.00 4.238410e-14
3210.00 5.189780e-14
3215.00 5.574824e-14
3220.00 5.218544e-14
3225.00 4.293784e-14
3230.00 5.029134e-14
3235.00 5.197775e-14
3240.00 5.305353e-14
3245.00 4.906610e-14
3250.00 5.115016e-14
3255.00 5.255805e-14
3260.00 5.421107e-14
3265.00 5.256094e-14
3270.00 4.893569e-14
3275.00 4.706934e-14
3280.00 5.044908e-14
3285.00 4.914051e-14
3290.00 4.398493e-14
3295.00 4.536342e-14
3300.00 4.770491e-14
3305.00 5.115792e-14
3310.00 4.728388e-14
3315.00 4.509349e-14
3320.00 4.320493e-14
3325.00 4.111248e-14
3330.00 4.523242e-14
3335.00 4.727278e-14
3340.00 4.640747e-14
3345.00 4.442202e-14
3350.00 4.770250e-14
3355.00 5.209796e-14
3360.00 4.743957e-14
3365.00 4.324167e-14
3370.00 4.143249e-14
3375.00 4.257767e-14
3380.00 4.347980e-14
3385.00 4.450667e-14
3390.00 4.519629e-14
3395.00 4.639585e-14
3400.00 4.436723e-14
3405.00 4.646191e-14
3410.00 5.103450e-14
3415.00 4.742083e-14
3420.00 4.431913e-14
3425.00 4.067141e-14
3430.00 4.194238e-14
3435.00 4.414827e-14
3440.00 4.283350e-14
3445.00 4.544070e-14
3450.00 4.762829e-14
3455.00 4.333625e-14
3460.00 4.311329e-14
3465.00 4.358802e-14
3470.00 4.538884e-14
3475.00 4.626715e-14
3480.00 4.522091e-14
3485.00 4.402580e-14
3490.00 4.408123e-14
3495.00 4.336871e-14
3500.00 4.192672e-14
3505.00 3.971515e-14
3510.00 3.675861e-14
3515.00 3.603413e-14
3520.00 3.916322e-14
3525.00 4.282136e-14
3530.00 4.390619e-14
3535.00 3.915582e-14
3540.00 3.985300e-14
3545.00 4.160352e-14
3550.00 3.976916e-14
3555.00 4.095623e-14
3560.00 4.557300e-14
3565.00 4.430512e-14
3570.00 4.202775e-14
3575.00 4.095920e-14
3580.00 3.942363e-14
3585.00 4.024470e-14
3590.00 4.127194e-14
3595.00 4.106673e-14
3600.00 4.249099e-14
3605.00 4.194044e-14
3610.00 4.098295e-14
3615.00 4.252282e-14
3620.00 4.318075e-14
3625.00 3.997957e-14
3630.00 3.805544e-14
3635.00 3.977955e-14
3640.00 4.153616e-14
3645.00 4.197213e-14
3650.00 4.079162e-14
3655.00 4.206653e-14
3660.00 3.965989e-14
3665.00 3.808795e-14
3670.00 3.891965e-14
3675.00 4.007370e-14
3680.00 3.974193e-14
3685.00 3.907679e-14
3690.00 3.846518e-14
3695.00 3.879908e-14
3700.00 3.998791e-14
3705.00 4.003263e-14
3710.00 4.101716e-14
3715.00 4.539840e-14
3720.00 7.572197e-14
3725.00 1.729619e-13
3730.00 2.190719e-13
3735.00 1.301202e-13
3740.00 5.768370e-14
3745.00 4.332759e-14
3750.00 4.340053e-14
3755.00 5.932102e-14
3760.00 7.668666e-14
3765.00 5.348611e-14
3770.00 4.303932e-14
3775.00 4.495220e-14
3780.00 4.684136e-14
3785.00 4.653246e-14
3790.00 4.613202e-14
3795.00 4.242284e-14
3800.00 4.165673e-14
3805.00 4.544189e-14
3810.00 5.079345e-14
3815.00 5.061085e-14
3820.00 4.866458e-14
3825.00 4.806865e-14
3830.00 4.582186e-14
3835.00 4.427428e-14
3840.00 4.431417e-14
3845.00 4.571111e-14
3850.00 4.883265e-14
3855.00 4.871140e-14
3860.00 5.319819e-14
3865.00 6.747851e-14
3870.00 7.644825e-14
3875.00 6.859000e-14
3880.00 5.290892e-14
3885.00 5.185838e-14
3890.00 5.337593e-14
3895.00 5.063620e-14
3900.00 4.773855e-14
3905.00 4.887384e-14
3910.00 4.989874e-14
3915.00 5.111121e-14
3920.00 5.040091e-14
3925.00 5.013015e-14
3930.00 4.879095e-14
3935.00 4.730247e-14
3940.00 4.789301e-14
3945.00 4.952094e-14
3950.00 4.984683e-14
3955.00 5.062808e-14
3960.00 5.064209e-14
3965.00 4.905027e-14
3970.00 5.158840e-14
3975.00 5.161027e-14
3980.00 4.738648e-14
3985.00 4.808311e-14
3990.00 5.101881e-14
3995.00 5.332532e-14
4000.00 5.488628e-14
4005.00 5.509434e-14
4010.00 5.385866e-14
4015.00 5.462045e-14
4020.00 5.522394e-14
4025.00 5.347366e-14
4030.00 5.412198e-14
4035.00 5.341040e-14
4040.00 5.363229e-14
4045.00 5.308231e-14
4050.00 5.313270e-14
4055.00 5.283995e-14
4060.00 5.199247e-14
4065.00 5.295506e-14
4070.00 5.368285e-14
4075.00 5.323079e-14
4080.00 5.073849e-14
4085.00 5.000328e-14
4090.00 4.855612e-14
4095.00 5.014160e-14
4100.00 5.662272e-14
4105.00 5.950851e-14
4110.00 5.345569e-14
4115.00 4.867762e-14
4120.00 4.842345e-14
4125.00 4.873505e-14
4130.00 4.871419e-14
4135.00 5.028649e-14
4140.00 5.112423e-14
4145.00 5.132174e-14
4150.00 5.134102e-14
4155.00 5.085606e-14
4160.00 5.233003e-14
4165.00 5.105602e-14
4170.00 5.039714e-14
4175.00 5.009340e-14
4180.00 5.136549e-14
4185.00 5.004271e-14
4190.00 4.964867e-14
4195.00 5.013841e-14
4200.00 5.035278e-14
4205.00 5.095801e-14
4210.00 5.074562e-14
4215.00 5.123144e-14
4220.00 5.131724e-14
4225.00 5.077415e-14
4230.00 5.018059e-14
4235.00 5.016219e-14
4240.00 4.996684e-14
4245.00 4.962131e-14
4250.00 4.875924e-14
4255.00 4.768145e-14
4260.00 4.808585e-14
4265.00 4.865261e-14
4270.00 4.847974e-14
4275.00 4.993349e-14
4280.00 4.866458e-14
4285.00 4.858119e-14
4290.00 4.900839e-14
4295.00 4.720929e-14
4300.00 4.497491e-14
4305.00 4.633628e-14
4310.00 4.607815e-14
4315.00 4.580677e-14
4320.00 4.694289e-14
4325.00 4.523789e-14
4330.00 4.473212e-14
4335.00 5.356956e-14
4340.00 7.195997e-14
4345.00 6.987722e-14
4350.00 5.417323e-14
4355.00 4.654902e-14
4360.00 4.805693e-14
4365.00 5.060108e-14
4370.00 4.888200e-14
4375.00 4.713854e-14
4380.00 4.628676e-14
4385.00 4.448069e-14
4390.00 4.489459e-14
4395.00 4.447014e-14
4400.00 4.532708e-14
4405.00 4.535735e-14
4410.00 4.499753e-14
4415.00 4.581462e-14
4420.00 4.583354e-14
4425.00 4.627121e-14
4430.00 4.590102e-14
4435.00 4.670650e-14
4440.00 4.621445e-14
4445.00 4.419289e-14
4450.00 4.485803e-14
4455.00 4.477959e-14
4460.00 4.428537e-14
4465.00 4.634310e-14
4470.00 4.838051e-14
4475.00 4.774516e-14
4480.00 4.496534e-14
4485.00 4.288884e-14
4490.00 4.440436e-14
4495.00 4.568402e-14
4500.00 4.589135e-14
4505.00 4.665689e-14
4510.00 4.659546e-14
4515.00 4.673810e-14
4520.00 4.560664e-14
4525.00 4.479867e-14
4530.00 4.445744e-14
4535.00 4.484789e-14
4540.00 4.483026e-14
4545.00 4.405675e-14
4550.00 4.391659e-14
4555.00 4.369497e-14
4560.00 4.471936e-14
4565.00 4.512884e-14
4570.00 4.489932e-14
4575.00 4.464684e-14
4580.00 4.440105e-14
4585.00 4.419842e-14
4590.00 4.598708e-14
4595.00 4.551430e-14
4600.00 4.369688e-14
4605.00 4.395780e-14
4610.00 4.530758e-14
4615.00 4.472722e-14
4620.00 4.658584e-14
4625.00 4.580214e-14
4630.00 4.396069e-14
4635.00 4.356113e-14
4640.00 4.439140e-14
4645.00 4.360382e-14
4650.00 4.340072e-14
4655.00 4.417921e-14
4660.00 4.481087e-14
4665.00 4.458150e-14
4670.00 4.461754e-14
4675.00 4.504489e-14
4680.00 4.541865e-14
4685.00 4.565113e-14
4690.00 4.480812e-14
4695.00 4.397064e-14
4700.00 4.374989e-14
4705.00 4.257580e-14
4710.00 4.269667e-14
4715.00 4.249510e-14
4720.00 4.350387e-14
4725.00 4.283773e-14
4730.00 4.392778e-14
4735.00 4.322600e-14
4740.00 4.391390e-14
4745.00 4.415331e-14
4750.00 4.400038e-14
4755.00 4.319213e-14
4760.00 4.293482e-14
4765.00 4.272677e-14
4770.00 4.203947e-14
4775.00 4.186406e-14
4780.00 4.172906e-14
4785.00 4.139175e-14
4790.00 4.127113e-14
4795.00 4.150817e-14
4800.00 4.168070e-14
4805.00 4.117292e-14
4810.00 3.982999e-14
4815.00 4.108495e-14
4820.00 4.194606e-14
4825.00 4.234494e-14
4830.00 4.072136e-14
4835.00 4.008550e-14
4840.00 3.927897e-14
4845.00 3.911182e-14
4850.00 4.034920e-14
4855.00 5.640431e-14
4860.00 1.021038e-13
4865.00 1.133350e-13
4870.00 7.229845e-14
4875.00 4.264570e-14
4880.00 3.874366e-14
4885.00 3.911277e-14
4890.00 3.868788e-14
4895.00 3.886414e-14
4900.00 4.009395e-14
4905.00 3.998273e-14
4910.00 4.022120e-14
4915.00 3.976287e-14
4920.00 3.941402e-14
4925.00 3.974009e-14
4930.00 4.061848e-14
4935.00 4.057426e-14
4940.00 4.006992e-14
4945.00 4.143313e-14
4950.00 4.924399e-14
4955.00 9.340997e-14
4960.00 1.390965e-13
4965.00 1.184029e-13
4970.00 7.111983e-14
4975.00 4.564341e-14
4980.00 4.086576e-14
4985.00 4.179729e-14
4990.00 4.205138e-14
4995.00 4.690178e-14
5000.00 1.001266e-13
5005.00 2.535170e-13
5010.00 3.160397e-13
5015.00 2.207161e-13
5020.00 8.859956e-14
5025.00 4.457650e-14
5030.00 3.948419e-14
5035.00 3.862007e-14
5040.00 3.793812e-14
5045.00 3.747445e-14
5050.00 3.802845e-14
5055.00 3.853222e-14
5060.00 3.832893e-14
5065.00 3.851733e-14
5070.00 3.788667e-14
5075.00 3.726617e-14
5080.00 3.721465e-14
5085.00 3.775910e-14
5090.00 3.798647e-14
5095.00 3.865307e-14
5100.00 3.800082e-14
5105.00 3.765361e-14
5110.00 3.776159e-14
5115.00 3.748498e-14
5120.00 3.474518e-14
5125.00 3.416232e-14
5130.00 3.669192e-14
5135.00 3.692162e-14
5140.00 3.607158e-14
5145.00 3.575039e-14
5150.00 3.627190e-14
5155.00 3.667661e-14
5160.00 3.696868e-14
5165.00 3.592478e-14
5170.00 3.491397e-14
5175.00 3.522455e-14
5180.00 3.622605e-14
5185.00 3.567824e-14
5190.00 3.691757e-14
5195.00 3.645011e-14
5200.00 3.684807e-14
5205.00 3.588150e-14
5210.00 3.568624e-14
5215.00 3.577348e-14
5220.00 3.560858e-14
5225.00 3.596780e-14
5230.00 3.536965e-14
5235.00 3.492878e-14
5240.00 3.491888e-14
5245.00 3.519826e-14
5250.00 3.509029e-14
5255.00 3.583906e-14
5260.00 3.688670e-14
5265.00 3.572810e-14
5270.00 3.498090e-14
5275.00 3.572426e-14
5280.00 3.586898e-14
5285.00 3.565906e-14
5290.00 3.569352e-14
5295.00 3.550131e-14
5300.00 3.596078e-14
5305.00 3.568827e-14
5310.00 3.578056e-14
5315.00 3.502770e-14
5320.00 3.529989e-14
5325.00 3.545768e-14
5330.00 3.532835e-14
5335.00 3.505695e-14
5340.00 3.446554e-14
5345.00 3.544304e-14
5350.00 3.528021e-14
5355.00 3.483073e-14
5360.00 3.569062e-14
5365.00 3.538433e-14
5370.00 3.523817e-14
5375.00 3.478296e-14
5380.00 3.546391e-14
5385.00 3.532362e-14
5390.00 3.475128e-14
5395.00 3.378135e-14
5400.00 3.426781e-14
5405.00 2.741338e-14
5410.00 2.583535e-14
5415.00 3.250595e-14
5420.00 2.987878e-14
5425.00 2.581351e-14
5430.00 3.201890e-14
5435.00 3.459527e-14
5440.00 3.424855e-14
5445.00 3.230443e-14
5450.00 3.439952e-14
5455.00 3.176643e-14
5460.00 3.041899e-14
5465.00 3.775935e-14
5470.00 3.434865e-14
5475.00 2.719943e-14
5480.00 2.471815e-14
5485.00 2.408916e-14
5490.00 2.494859e-14
5495.00 2.530770e-14
5500.00 2.573100e-14
5505.00 2.640013e-14
5510.00 3.193989e-14
5515.00 3.467110e-14
5520.00 3.542530e-14
5525.00 3.450915e-14
5530.00 3.460294e-14
5535.00 3.460447e-14
5540.00 3.345748e-14
5545.00 3.350137e-14
5550.00 3.357797e-14
5555.00 3.537120e-14
5560.00 3.702172e-14
5565.00 3.608100e-14
5570.00 3.565843e-14
5575.00 3.437452e-14
5580.00 3.165370e-14
5585.00 3.322014e-14
5590.00 3.450711e-14
5595.00 3.129128e-14
5600.00 3.206365e-14
5605.00 3.296855e-14
5610.00 3.276164e-14
5615.00 3.168771e-14
5620.00 3.125337e-14
5625.00 3.044766e-14
5630.00 3.293461e-14
5635.00 3.401949e-14
5640.00 3.336108e-14
5645.00 3.310341e-14
5650.00 3.133191e-14
5655.00 3.142349e-14
5660.00 3.170677e-14
5665.00 3.201841e-14
5670.00 3.309214e-14
5675.00 3.297796e-14
5680.00 3.212637e-14
5685.00 3.200990e-14
5690.00 3.265785e-14
5695.00 3.347703e-14
5700.00 3.306693e-14
5705.00 3.303885e-14
5710.00 3.284808e-14
5715.00 3.251873e-14
5720.00 3.042861e-14
5725.00 3.322218e-14
5730.00 3.225453e-14
5735.00 3.298035e-14
5740.00 3.249774e-14
5745.00 3.172335e-14
5750.00 3.095191e-14
5755.00 3.133893e-14
5760.00 3.294148e-14
5765.00 3.255667e-14
5770.00 3.177236e-14
5775.00 3.198348e-14
5780.00 2.992231e-14
5785.00 2.999092e-14
5790.00 3.068513e-14
5795.00 3.188986e-14
5800.00 3.212637e-14
5805.00 3.134657e-14
5810.00 3.175506e-14
5815.00 3.121805e-14
5820.00 3.284008e-14
5825.00 3.271053e-14
5830.00 3.174412e-14
5835.00 3.231805e-14
5840.00 3.275336e-14
5845.00 3.179497e-14
5850.00 3.202460e-14
5855.00 3.026135e-14
5860.00 3.229996e-14
5865.00 3.056597e-14
5870.00 3.465800e-14
5875.00 3.862880e-14
5880.00 4.051372e-14
5885.00 3.696381e-14
5890.00 2.965601e-14
5895.00 2.788157e-14
5900.00 3.081931e-14
5905.00 3.134478e-14
5910.00 3.117982e-14
5915.00 3.213350e-14
5920.00 3.148012e-14
5925.00 3.149644e-14
5930.00 3.155639e-14
5935.00 3.054999e-14
5940.00 3.071804e-14
5945.00 3.036126e-14
5950.00 2.902100e-14
5955.00 3.096890e-14
5960.00 3.132091e-14
5965.00 3.060929e-14
5970.00 3.057778e-14
5975.00 3.109722e-14
5980.00 3.065523e-14
5985.00 3.145635e-14
5990.00 3.107326e-14
5995.00 2.910370e-14
6000.00 3.099292e-14
6005.00 3.085784e-14
6010.00 2.953273e-14
6015.00 3.064103e-14
6020.00 3.029360e-14
6025.00 3.128249e-14
6030.00 3.070428e-14
6035.00 3.034940e-14
6040.00 2.848977e-14
6045.00 3.068089e-14
6050.00 3.141687e-14
6055.00 3.140100e-14
6060.00 3.061191e-14
6065.00 3.070461e-14
6070.00 3.127507e-14
6075.00 3.183836e-14
6080.00 3.012961e-14
6085.00 3.108759e-14
6090.00 3.184577e-14
6095.00 3.109428e-14
6100.00 3.095442e-14
6105.00 3.131891e-14
6110.00 3.063437e-14
6115.00 3.006906e-14
6120.00 3.037567e-14
6125.00 3.033434e-14
6130.00 3.098550e-14
6135.00 3.062650e-14
6140.00 3.041899e-14
6145.00 2.802355e-14
6150.00 2.972818e-14
6155.00 2.958959e-14
6160.00 2.943024e-14
6165.00 3.121030e-14
6170.00 3.056194e-14
6175.00 2.959037e-14
6180.00 2.857179e-14
6185.00 2.838244e-14
6190.00 2.734880e-14
6195.00 2.823077e-14
6200.00 2.875021e-14
6205.00 2.891845e-14
6210.00 2.865774e-14
6215.00 2.978968e-14
6220.00 2.820995e-14
6225.00 2.930128e-14
6230.00 2.986350e-14
6235.00 2.913049e-14
6240.00 3.003316e-14
6245.00 3.081830e-14
6250.00 2.871242e-14
6255.00 2.864919e-14
6260.00 2.943024e-14
6265.00 2.860701e-14
6270.00 2.958037e-14
6275.00 2.872831e-14
6280.00 2.724540e-14
6285.00 2.771432e-14
6290.00 2.892378e-14
6295.00 3.116182e-14
6300.00 3.268583e-14
6305.00 3.021143e-14
6310.00 2.935969e-14
6315.00 2.982803e-14
6320.00 2.888037e-14
6325.00 2.719531e-14
6330.00 2.798217e-14
6335.00 2.854345e-14
6340.00 2.959427e-14
6345.00 2.922603e-14
6350.00 2.978882e-14
6355.00 2.867159e-14
6360.00 2.867304e-14
6365.00 2.933939e-14
6370.00 2.911738e-14
6375.00 2.844758e-14
6380.00 2.844633e-14
6385.00 2.880791e-14
6390.00 2.877889e-14
6395.00 2.842629e-14
6400.00 2.796404e-14
6405.00 2.652163e-14
6410.00 2.663755e-14
6415.00 2.712184e-14
6420.00 2.726473e-14
6425.00 2.736694e-14
6430.00 2.769284e-14
6435.00 2.785783e-14
6440.00 2.882740e-14
6445.00 2.733601e-14
6450.00 2.739659e-14
6455.00 2.695494e-14
6460.00 2.739003e-14
6465.00 2.802090e-14
6470.00 2.974836e-14
6475.00 2.804374e-14
6480.00 2.838842e-14
6485.00 2.803881e-14
6490.00 2.709618e-14
6495.00 2.620692e-14
6500.00 2.591427e-14
6505.00 2.659517e-14
6510.00 2.782286e-14
6515.00 2.770732e-14
6520.00 2.732749e-14
6525.00 2.693789e-14
6530.00 2.783435e-14
6535.00 2.802176e-14
6540.00 2.931460e-14
6545.00 3.291451e-14
6550.00 3.859590e-14
6555.00 7.397246e-14
6560.00 2.245133e-13
6565.00 2.849685e-13
6570.00 1.675469e-13
6575.00 4.983337e-14
6580.00 4.494609e-14
6585.00 5.306565e-14
6590.00 4.230172e-14
6595.00 2.992310e-14
6600.00 2.696571e-14
6605.00 2.628594e-14
6610.00 2.672202e-14
6615.00 2.632019e-14
6620.00 2.602524e-14
6625.00 2.666365e-14
6630.00 2.572818e-14
6635.00 2.684955e-14
6640.00 2.620370e-14
6645.00 2.573247e-14
6650.00 2.575152e-14
6655.00 2.659470e-14
6660.00 2.717316e-14
6665.00 2.778318e-14
6670.00 2.735409e-14
6675.00 2.872346e-14
6680.00 2.738522e-14
6685.00 2.758505e-14
6690.00 2.658518e-14
6695.00 2.619381e-14
6700.00 2.353642e-14
6705.00 2.586714e-14
6710.00 3.262415e-14
6715.00 4.841580e-14
6720.00 4.943631e-14
6725.00 4.028192e-14
6730.00 4.337024e-14
6735.00 4.043267e-14
6740.00 2.954122e-14
6745.00 2.483365e-14
6750.00 2.496356e-14
6755.00 2.423177e-14
6760.00 2.560553e-14
6765.00 2.437688e-14
6770.00 2.384266e-14
6775.00 2.318987e-14
6780.00 2.484352e-14
6785.00 2.463307e-14
6790.00 2.567709e-14
6795.00 2.671845e-14
6800.00 2.491591e-14
6805.00 2.494356e-14
6810.00 2.479964e-14
6815.00 2.321565e-14
6820.00 2.505092e-14
6825.00 2.476900e-14
6830.00 2.316936e-14
6835.00 2.289985e-14
6840.00 2.288538e-14
6845.00 2.338634e-14
6850.00 2.347087e-14
6855.00 2.585481e-14
6860.00 2.497858e-14
6865.00 2.488316e-14
6870.00 2.559693e-14
6875.00 2.487005e-14
6880.00 2.384517e-14
6885.00 2.598321e-14
6890.00 2.535837e-14
6895.00 2.486901e-14
6900.00 2.343039e-14
6905.00 2.370863e-14
6910.00 2.238586e-14
6915.00 2.426073e-14
6920.00 2.601553e-14
6925.00 2.415129e-14
6930.00 2.546507e-14
6935.00 2.641747e-14
6940.00 2.670519e-14
6945.00 2.424859e-14
6950.00 2.460939e-14
6955.00 2.531281e-14
6960.00 2.667630e-14
6965.00 2.669159e-14
6970.00 2.626090e-14
6975.00 2.225147e-14
6980.00 2.149146e-14
6985.00 2.398802e-14
6990.00 2.309864e-14
6995.00 2.525241e-14
7000.00 2.547049e-14
7005.00 2.657182e-14
7010.00 2.346165e-14
7015.00 2.502277e-14
7020.00 2.461685e-14
7025.00 2.383972e-14
7030.00 2.415808e-14
7035.00 2.447472e-14
7040.00 2.514262e-14
7045.00 2.478494e-14
7050.00 2.340916e-14
7055.00 2.436409e-14
7060.00 2.513291e-14
7065.00 2.592007e-14
7070.00 2.558468e-14
7075.00 2.417447e-14
7080.00 2.393682e-14
7085.00 2.402049e-14
7090.00 2.361215e-14
7095.00 2.349464e-14
7100.00 2.388374e-14
7105.00 2.425029e-14
7110.00 2.475324e-14
7115.00 2.356160e-14
7120.00 2.348350e-14
7125.00 2.393918e-14
7130.00 2.597934e-14
7135.00 3.230613e-14
7140.00 3.165369e-14
7145.00 2.495254e-14
7150.00 2.208853e-14
7155.00 2.259853e-14
7160.00 2.324713e-14
7165.00 2.505978e-14
7170.00 2.418711e-14
7175.00 2.287171e-14
7180.00 2.307836e-14
7185.00 2.306443e-14
7190.00 2.348257e-14
7195.00 2.381843e-14
7200.00 2.301080e-14
7205.00 2.128083e-14
7210.00 2.137713e-14
7215.00 2.207975e-14
7220.00 2.021823e-14
7225.00 2.138145e-14
7230.00 2.312772e-14
7235.00 2.304787e-14
7240.00 2.147221e-14
7245.00 2.098717e-14
7250.00 2.180262e-14
7255.00 2.149330e-14
7260.00 2.261526e-14
7265.00 2.376201e-14
7270.00 2.329286e-14
7275.00 2.421028e-14
7280.00 2.532588e-14
7285.00 2.456949e-14
7290.00 2.306929e-14
7295.00 2.363892e-14
7300.00 2.363778e-14
7305.00 2.322299e-14
7310.00 2.355788e-14
7315.00 2.335201e-14
7320.00 2.437089e-14
7325.00 2.679112e-14
7330.00 2.441674e-14
7335.00 2.523173e-14
7340.00 2.627607e-14
7345.00 2.360847e-14
7350.00 2.294702e-14
7355.00 2.435767e-14
7360.00 2.343039e-14
7365.00 2.358287e-14
7370.00 2.340694e-14
7375.00 2.123737e-14
7380.00 2.082593e-14
7385.00 2.197286e-14
7390.00 2.272179e-14
7395.00 2.322258e-14
7400.00 2.082593e-14
7405.00 1.967816e-14
7410.00 2.288704e-14
7415.00 2.389691e-14
7420.00 2.303973e-14
7425.00 2.141904e-14
7430.00 2.195120e-14
7435.00 2.262346e-14
7440.00 2.118283e-14
7445.00 2.278594e-14
7450.00 2.313737e-14
7455.00 2.233690e-14
7460.00 2.153492e-14
7465.00 2.176459e-14
7470.00 2.151502e-14
7475.00 2.320428e-14
7480.00 2.634836e-14
7485.00 2.441722e-14
7490.00 2.277228e-14
7495.00 2.442366e-14
7500.00 2.452039e-14
7505.00 2.289066e-14
7510.00 2.391859e-14
7515.00 2.013273e-14
7520.00 2.155422e-14
7525.00 2.186504e-14
7530.00 2.081665e-14
7535.00 2.418988e-14
7540.00 2.151563e-14
7545.00 2.411239e-14
7550.00 2.155394e-14
7555.00 1.964051e-14
7560.00 2.144328e-14
7565.00 2.187556e-14
7570.00 2.390998e-14
7575.00 3.597531e-14
7580.00 3.278704e-14
7585.00 2.041108e-14
7590.00 2.131132e-14
7595.00 2.419035e-14
7600.00 2.190633e-14
7605.00 2.095682e-14
7610.00 2.414646e-14
7615.00 2.632140e-14
7620.00 2.452523e-14
7625.00 2.405940e-14
7630.00 2.599115e-14
7635.00 2.573219e-14
7640.00 2.104291e-14
7645.00 2.088987e-14
7650.00 2.115262e-14
7655.00 2.165551e-14
7660.00 2.083563e-14
7665.00 2.021255e-14
7670.00 2.200719e-14
7675.00 2.157312e-14
7680.00 2.109121e-14
7685.00 2.165247e-14
7690.00 2.197512e-14
7695.00 2.255015e-14
7700.00 2.123597e-14
7705.00 2.115262e-14
7710.00 2.110015e-14
7715.00 2.009615e-14
7720.00 2.126962e-14
7725.00 2.154850e-14
7730.00 2.116038e-14
7735.00 2.137098e-14
7740.00 2.175197e-14
7745.00 2.079175e-14
7750.00 2.230117e-14
7755.00 2.291425e-14
7760.00 2.183395e-14
7765.00 2.204811e-14
7770.00 2.156909e-14
7775.00 2.075954e-14
7780.00 2.009280e-14
7785.00 2.085486e-14
7790.00 2.083796e-14
7795.00 2.203988e-14
7800.00 2.081629e-14
7805.00 2.066544e-14
7810.00 2.068392e-14
7815.00 2.156909e-14
7820.00 2.081628e-14
7825.00 2.094798e-14
7830.00 2.147462e-14
7835.00 2.057063e-14
7840.00 2.020377e-14
7845.00 2.109510e-14
7850.00 2.173708e-14
7855.00 2.048161e-14
7860.00 2.065709e-14
7865.00 2.049624e-14
7870.00 2.072980e-14
7875.00 2.113562e-14
7880.00 2.075357e-14
7885.00 2.048625e-14
7890.00 2.007856e-14
7895.00 2.102097e-14
7900.00 2.058478e-14
7905.00 2.042897e-14
7910.00 1.950525e-14
7915.00 1.936931e-14
7920.00 2.018443e-14
7925.00 1.996385e-14
7930.00 2.010242e-14
7935.00 2.023005e-14
7940.00 1.949476e-14
7945.00 2.057113e-14
7950.00 1.980713e-14
7955.00 1.962964e-14
7960.00 2.014591e-14
7965.00 2.016830e-14
7970.00 2.062514e-14
7975.00 2.022996e-14
7980.00 1.904142e-14
7985.00 1.937101e-14
7990.00 1.938590e-14
7995.00 1.997100e-14
8000.00 1.897872e-14
8005.00 2.005282e-14
8010.00 1.975644e-14
8015.00 2.113080e-14
8020.00 2.051727e-14
8025.00 2.008433e-14
8030.00 1.959537e-14
8035.00 2.057642e-14
8040.00 1.861701e-14
8045.00 2.048049e-14
8050.00 2.001952e-14
8055.00 2.019352e-14
8060.00 2.086457e-14
8065.00 2.058799e-14
8070.00 1.897293e-14
8075.00 2.097275e-14
8080.00 1.985652e-14
8085.00 2.017220e-14
8090.00 1.874384e-14
8095.00 1.884189e-14
8100.00 1.948513e-14
8105.00 2.069414e-14
8110.00 2.022117e-14
8115.00 2.065319e-14
8120.00 1.854466e-14
8125.00 1.501216e-14
8130.00 1.537308e-14
8135.00 1.587540e-14
8140.00 1.831793e-14
8145.00 1.894994e-14
8150.00 1.953998e-14
8155.00 2.077341e-14
8160.00 1.874236e-14
8165.00 2.078573e-14
8170.00 1.908428e-14
8175.00 1.844614e-14
8180.00 1.882436e-14
8185.00 1.845638e-14
8190.00 1.906037e-14
8195.00 1.813332e-14
8200.00 1.935009e-14
8205.00 1.795643e-14
8210.00 1.801014e-14
8215.00 1.906866e-14
8220.00 1.927770e-14
8225.00 1.930888e-14
8230.00 1.746871e-14
8235.00 1.783058e-14
8240.00 1.819742e-14
8245.00 1.759039e-14
8250.00 1.863746e-14
8255.00 1.890651e-14
8260.00 1.809128e-14
8265.00 1.706631e-14
8270.00 1.915999e-14
8275.00 1.862302e-14
8280.00 1.897872e-14
8285.00 1.708074e-14
8290.00 2.129635e-14
8295.00 1.985438e-14
8300.00 1.816360e-14
8305.00 1.669006e-14
8310.00 1.822601e-14
8315.00 1.846701e-14
8320.00 1.601253e-14
8325.00 1.775275e-14
8330.00 1.741318e-14
8335.00 1.607458e-14
8340.00 1.572313e-14
8345.00 1.730694e-14
8350.00 1.768905e-14
8355.00 1.843253e-14
8360.00 1.809128e-14
8365.00 1.749451e-14
8370.00 1.745809e-14
8375.00 1.740729e-14
8380.00 1.755589e-14
8385.00 1.750081e-14
8390.00 1.678242e-14
8395.00 1.781050e-14
8400.00 1.863144e-14
8405.00 1.937731e-14
8410.00 1.775084e-14
8415.00 1.604513e-14
8420.00 1.787900e-14
8425.00 3.534891e-14
8430.00 2.473840e-14
8435.00 2.095557e-14
8440.00 2.311209e-14
8445.00 2.288367e-14
8450.00 2.109770e-14
8455.00 2.220451e-14
8460.00 2.352205e-14
8465.00 2.181339e-14
8470.00 2.278324e-14
8475.00 1.998877e-14
8480.00 1.534212e-14
8485.00 1.771879e-14
8490.00 1.569119e-14
8495.00 1.830141e-14
8500.00 1.586780e-14
8505.00 1.764537e-14
8510.00 1.868532e-14
8515.00 1.610641e-14
8520.00 1.574244e-14
8525.00 1.884707e-14
8530.00 1.600168e-14
8535.00 1.840426e-14
8540.00 1.800927e-14
8545.00 1.658546e-14
8550.00 1.737995e-14
8555.00 1.635447e-14
8560.00 1.759932e-14
8565.00 1.520602e-14
8570.00 1.711645e-14
8575.00 1.872623e-14
8580.00 1.815399e-14
8585.00 1.726939e-14
8590.00 1.650190e-14
8595.00 1.801947e-14
8600.00 1.828900e-14
8605.00 1.732751e-14
8610.00 1.926987e-14
8615.00 1.678197e-14
8620.00 1.903181e-14
8625.00 1.721555e-14
8630.00 1.856084e-14
8635.00 1.864679e-14
8640.00 1.678419e-14
8645.00 1.793968e-14
8650.00 1.955547e-14
8655.00 1.650484e-14
8660.00 1.846263e-14
8665.00 1.668394e-14
8670.00 1.567855e-14
8675.00 1.742366e-14
8680.00 1.862662e-14
8685.00 1.847402e-14
8690.00 1.855566e-14
8695.00 1.796176e-14
8700.00 1.867970e-14
8705.00 1.730272e-14
8710.00 1.909099e-14
8715.00 1.687317e-14
8720.00 1.877136e-14
8725.00 1.647598e-14
8730.00 1.879165e-14
8735.00 1.822537e-14
8740.00 1.600291e-14
8745.00 1.682655e-14
8750.00 1.727011e-14
8755.00 1.565488e-14
8760.00 1.650930e-14
8765.00 1.943044e-14
8770.00 1.667160e-14
8775.00 1.591400e-14
8780.00 1.629224e-14
8785.00 1.927330e-14
8790.00 1.868463e-14
8795.00 2.142925e-14
8800.00 1.666369e-14
8805.00 1.972587e-14
8810.00 1.916197e-14
8815.00 1.738708e-14
8820.00 1.643219e-14
8825.00 1.859262e-14
8830.00 1.650495e-14
8835.00 1.413479e-14
8840.00 1.685658e-14
8845.00 1.888991e-14
8850.00 1.656049e-14
8855.00 1.666801e-14
8860.00 1.530353e-14
8865.00 1.857466e-14
8870.00 1.875076e-14
8875.00 1.905347e-14
8880.00 1.771020e-14
8885.00 1.662024e-14
8890.00 1.714282e-14
8895.00 1.521644e-14
8900.00 1.832276e-14
8905.00 1.559785e-14
8910.00 1.622975e-14
8915.00 1.535058e-14
8920.00 1.949476e-14
8925.00 1.383703e-14
8930.00 1.954230e-14
8935.00 1.832896e-14
8940.00 1.997710e-14
8945.00 1.900328e-14
8950.00 1.883118e-14
8955.00 1.398619e-14
8960.00 1.797071e-14
8965.00 1.606149e-14
8970.00 1.671739e-14
8975.00 1.610327e-14
8980.00 1.732918e-14
8985.00 1.881163e-14
8990.00 1.678002e-14
8995.00 1.521340e-14
9000.00 2.038219e-14
9005.00 1.623121e-14
9010.00 1.644446e-14
9015.00 1.760666e-14
9020.00 1.944171e-14
9025.00 1.705904e-14
9030.00 1.424444e-14
9035.00 1.702562e-14
9040.00 1.741123e-14
9045.00 1.868594e-14
9050.00 1.777655e-14
9055.00 1.792046e-14
9060.00 2.483392e-14
9065.00 3.232778e-14
9070.00 4.346310e-14
9075.00 4.026574e-14
9080.00 2.633384e-14
9085.00 1.499578e-14
9090.00 1.690432e-14
9095.00 1.547347e-14
9100.00 1.632125e-14
9105.00 1.584343e-14
9110.00 1.877631e-14
9115.00 1.459425e-14
9120.00 1.750773e-14
9125.00 1.454453e-14
9130.00 1.759004e-14
9135.00 1.999417e-14
9140.00 1.581479e-14
9145.00 1.424379e-14
9150.00 1.618800e-14
9155.00 1.358732e-14
9160.00 1.325860e-14
9165.00 2.070651e-14
9170.00 1.519693e-14
9175.00 1.440436e-14
9180.00 1.431965e-14
9185.00 1.212509e-14
9190.00 1.400559e-14
9195.00 1.263391e-14
9200.00 1.505279e-14
9205.00 1.205696e-14
9210.00 1.553734e-14
9215.00 1.560432e-14
9220.00 1.858804e-14
9225.00 1.561567e-14
9230.00 1.653038e-14
9235.00 1.347288e-14
9240.00 1.643219e-14
9245.00 1.771650e-14
9250.00 1.367352e-14
9255.00 1.332561e-14
9260.00 1.414604e-14
9265.00 1.677903e-14
9270.00 1.388612e-14
9275.00 1.809561e-14
9280.00 1.403508e-14
9285.00 1.652308e-14
9290.00 1.576939e-14
9295.00 1.514759e-14
9300.00 1.709290e-14
9305.00 2.038358e-14
9310.00 1.522452e-14
9315.00 1.802945e-14
9320.00 2.127929e-14
9325.00 1.825493e-14
9330.00 1.571519e-14
9335.00 1.875702e-14
9340.00 1.945132e-14
9345.00 1.585039e-14
9350.00 1.322861e-14
9355.00 2.068810e-14
9360.00 1.339362e-14
9365.00 1.671030e-14
9370.00 1.311990e-14
9375.00 1.727979e-14
9380.00 1.604147e-14
9385.00 1.797995e-14
9390.00 1.735901e-14
9395.00 1.579934e-14
9400.00 1.561221e-14
9405.00 4.036879e-14
9410.00 2.128214e-14
9415.00 1.412958e-14
9420.00 2.007357e-14
9425.00 2.047833e-14
9430.00 1.632651e-14
9435.00 1.468007e-14
9440.00 1.607528e-14
9445.00 1.534435e-14
9450.00 1.334178e-14
9455.00 1.988003e-14
9460.00 1.046601e-14
9465.00 1.476263e-14
9470.00 1.977588e-14
9475.00 1.779748e-14
9480.00 1.638391e-14
9485.00 1.644269e-14
9490.00 1.365960e-14
9495.00 1.471033e-14
9500.00 1.666369e-14
9505.00 1.863807e-14
9510.00 1.398478e-14
9515.00 1.923064e-14
9520.00 2.339183e-14
9525.00 3.248925e-14
9530.00 4.868766e-14
9535.00 6.492291e-14
9540.00 4.186407e-14
9545.00 2.147216e-14
9550.00 2.385245e-14
9555.00 1.318737e-14
9560.00 1.408330e-14
9565.00 1.374696e-14
9570.00 1.096199e-14
9575.00 1.649306e-14
9580.00 1.721831e-14
9585.00 1.871904e-14
9590.00 1.429075e-14
9595.00 1.448410e-14
9600.00 1.393861e-14
9605.00 1.680698e-14
9610.00 1.191672e-14
9615.00 1.646517e-14
9620.00 1.093386e-14
9625.00 1.383068e-14
9630.00 1.452528e-14
9635.00 1.264679e-14
9640.00 1.511546e-14
9645.00 1.546813e-14
9650.00 1.060340e-14
9655.00 1.678109e-14
9660.00 1.766203e-14
9665.00 1.521497e-14
9670.00 1.520855e-14
9675.00 1.407879e-14
9680.00 1.235188e-14
9685.00 1.390825e-14
9690.00 1.981501e-14
9695.00 1.267704e-14
9700.00 1.336468e-14
9705.00 1.392013e-14
9710.00 1.554877e-14
9715.00 1.271012e-14
9720.00 1.798998e-14
9725.00 1.257763e-14
9730.00 1.785542e-14
9735.00 2.305203e-14
9740.00 1.482608e-14
9745.00 1.515202e-14
9750.00 1.605986e-14
9755.00 1.308054e-14
9760.00 1.601254e-14
9765.00 2.251057e-14
9770.00 1.834301e-14
9775.00 1.132549e-14
9780.00 8.126821e-15
9785.00 1.199780e-14
9790.00 1.685417e-14
9795.00 1.439971e-14
9800.00 1.215892e-14
9805.00 1.209879e-14
9810.00 1.458880e-14
9815.00 1.343176e-14
9820.00 1.219749e-14
9825.00 1.202708e-14
9830.00 1.343730e-14
9835.00 1.409166e-14
9840.00 1.839993e-14
9845.00 1.628505e-14
9850.00 1.186048e-14
9855.00 1.050938e-14
9860.00 1.333091e-14
9865.00 1.162662e-14
9870.00 1.381562e-14
9875.00 1.612889e-14
9880.00 1.598359e-14
9885.00 1.271495e-14
9890.00 1.194916e-14
9895.00 1.113563e-14
9900.00 1.467172e-14
9905.00 1.708825e-14
9910.00 1.473070e-14
9915.00 1.565708e-14
9920.00 1.576655e-14
9925.00 1.276447e-14
9930.00 1.463430e-14
9935.00 1.903068e-14
9940.00 1.705432e-14
9945.00 1.254059e-14
9955.00 1.392562e-14
9965.00 1.389768e-14
9975.00 1.386983e-14
9985.00 1.384207e-14
9995.00 1.381438e-14
10005.00 1.378678e-14
10015.00 1.375926e-14
10025.00 1.373183e-14
10035.00 1.370447e-14
10045.00 1.367720e-14
10055.00 1.365001e-14
10065.00 1.362290e-14
10075.00 1.359587e-14
10085.00 1.356892e-14
10095.00 1.354205e-14
10105.00 1.351526e-14
10115.00 1.348855e-14
10125.00 1.346192e-14
10135.00 1.343537e-14
10145.00 1.340889e-14
10155.00 1.338250e-14
10165.00 1.335618e-14
10175.00 1.332994e-14
10185.00 1.330378e-14
10195.00 1.327769e-14
10205.00 1.325168e-14
10215.00 1.322575e-14
10225.00 1.319989e-14
10235.00 1.317411e-14
10245.00 1.314841e-14
10255.00 1.312278e-14
10265.00 1.309722e-14
10275.00 1.307174e-14
10285.00 1.304633e-14
10295.00 1.302100e-14
10305.00 1.299574e-14
10315.00 1.297056e-14
10325.00 1.294544e-14
10335.00 1.292040e-14
10345.00 1.289544e-14
10355.00 1.287054e-14
10365.00 1.284572e-14
10375.00 1.282097e-14
10385.00 1.279629e-14
10395.00 1.277168e-14
10405.00 1.274714e-14
10415.00 1.272268e-14
10425.00 1.269828e-14
10435.00 1.267395e-14
10445.00 1.264970e-14
10455.00 1.262551e-14
10465.00 1.260139e-14
10475.00 1.257735e-14
10485.00 1.255337e-14
10495.00 1.252945e-14
10505.00 1.250561e-14
10515.00 1.248184e-14
10525.00 1.245813e-14
10535.00 1.243449e-14
10545.00 1.241092e-14
10555.00 1.238741e-14
10565.00 1.236397e-14
10575.00 1.234060e-14
10585.00 1.231729e-14
10595.00 1.229405e-14
10605.00 1.227088e-14
10615.00 1.224777e-14
10625.00 1.222473e-14
10635.00 1.220175e-14
10645.00 1.217883e-14
10655.00 1.215598e-14
10665.00 1.213320e-14
10675.00 1.211048e-14
10685.00 1.208782e-14
10695.00 1.206523e-14
10705.00 1.204270e-14
10715.00 1.202023e-14
10725.00 1.199782e-14
10735.00 1.197548e-14
10745.00 1.195320e-14
10755.00 1.193098e-14
10765.00 1.190883e-14
10775.00 1.188673e-14
10785.00 1.186470e-14
10795.00 1.184273e-14
10805.00 1.182082e-14
10815.00 1.179897e-14
10825.00 1.177718e-14
10835.00 1.175545e-14
10845.00 1.173378e-14
10855.00 1.171217e-14
10865.00 1.169062e-14
10875.00 1.166913e-14
10885.00 1.164770e-14
10895.00 1.162633e-14
10905.00 1.160502e-14
10915.00 1.158376e-14
10925.00 1.156256e-14
10935.00 1.154143e-14
10945.00 1.152035e-14
10955.00 1.149932e-14
10965.00 1.147836e-14
10975.00 1.145745e-14
10985.00 1.143660e-14
10995.00 1.141581e-14
11005.00 1.139507e-14
