# Galaxy: Sc: Kinney et al. (1996) galaxy templates, STScI CDBS. Sc galaxy. Extended beyond 7660 A with constant f_nu.
# wavelength[A] f_lambda[relative]
1235.00 4.350104e-14
1240.00 5.454141e-14
1245.00 4.539875e-14
1250.00 4.643400e-14
1255.00 4.653009e-14
1260.00 3.586002e-14
1265.00 4.366887e-14
1270.00 4.445627e-14
1275.00 4.207854e-14
1280.00 5.948105e-14
1285.00 6.140377e-14
1290.00 5.161166e-14
1295.00 3.076787e-14
1300.00 3.390887e-14
1305.00 4.137171e-14
1310.00 4.137503e-14
1315.00 4.228923e-14
1320.00 4.640629e-14
1325.00 4.463053e-14
1330.00 5.144629e-14
1335.00 4.283054e-14
1340.00 5.143361e-14
1345.00 5.380686e-14
1350.00 5.311200e-14
1355.00 4.721753e-14
1360.00 4.519730e-14
1365.00 4.554909e-14
1370.00 4.893086e-14
1375.00 4.776025e-14
1380.00 4.003891e-14
1385.00 4.079009e-14
1390.00 3.411827e-14
1395.00 1.160158e-14
1400.00 3.217891e-14
1405.00 4.339161e-14
1410.00 3.222544e-14
1415.00 3.999940e-14
1420.00 4.474777e-14
1425.00 4.131700e-14
1430.00 4.604779e-14
1435.00 4.355910e-14
1440.00 4.978324e-14
1445.00 4.553662e-14
1450.00 4.076804e-14
1455.00 3.165186e-14
1460.00 3.468904e-14
1465.00 5.066507e-14
1470.00 4.365963e-14
1475.00 5.174704e-14
1480.00 5.126419e-14
1485.00 6.161883e-14
1490.00 5.688830e-14
1495.00 6.090371e-14
1500.00 4.331826e-14
1505.00 3.706878e-14
1510.00 5.112817e-14
1515.00 6.576146e-14
1520.00 5.780404e-14
1525.00 2.916013e-14
1530.00 2.730577e-14
1535.00 6.648087e-14
1540.00 4.208692e-14
1545.00 3.264418e-14
1550.00 3.718650e-14
1555.00 4.072429e-14
1560.00 4.153262e-14
1565.00 4.595522e-14
1570.00 4.070174e-14
1575.00 4.620923e-14
1580.00 5.814123e-14
1585.00 4.873055e-14
1590.00 3.992069e-14
1595.00 3.471035e-14
1600.00 4.215518e-14
1605.00 5.092329e-14
1610.00 3.500014e-14
1615.00 4.274367e-14
1620.00 4.190490e-14
1625.00 3.779220e-14
1630.00 4.006626e-14
1635.00 3.656793e-14
1640.00 3.947904e-14
1645.00 4.652814e-14
1650.00 4.878352e-14
1655.00 4.163549e-14
1660.00 4.854785e-14
1665.00 3.892359e-14
1670.00 4.104271e-14
1675.00 4.554846e-14
1680.00 4.427963e-14
1685.00 3.394792e-14
1690.00 2.849733e-14
1695.00 4.227395e-14
1700.00 4.614838e-14
1705.00 3.998170e-14
1710.00 3.787289e-14
1715.00 3.819948e-14
1720.00 4.086907e-14
1725.00 3.581109e-14
1730.00 5.456595e-14
1735.00 5.345240e-14
1740.00 5.083648e-14
1745.00 5.631226e-14
1750.00 4.035732e-14
1755.00 4.001848e-14
1760.00 4.865222e-14
1765.00 5.819993e-14
1770.00 5.424455e-14
1775.00 4.783523e-14
1780.00 4.748383e-14
1785.00 3.901332e-14
1790.00 3.758973e-14
1795.00 4.127008e-14
1800.00 4.009956e-14
1805.00 3.754737e-14
1810.00 4.409741e-14
1815.00 5.665752e-14
1820.00 5.319850e-14
1825.00 4.214855e-14
1830.00 4.350190e-14
1835.00 4.035251e-14
1840.00 4.234606e-14
1845.00 3.968335e-14
1850.00 2.819572e-14
1855.00 2.992153e-14
1860.00 3.365419e-14
1865.00 3.176460e-14
1870.00 3.848891e-14
1875.00 3.682107e-14
1880.00 3.883403e-14
1885.00 3.408593e-14
1890.00 3.968843e-14
1895.00 5.222026e-14
1900.00 4.655527e-14
1905.00 3.825861e-14
1910.00 4.034016e-14
1915.00 3.486289e-14
1920.00 2.714690e-14
1925.00 2.656697e-14
1930.00 2.754733e-14
1935.00 1.800906e-14
1940.00 2.576842e-14
1945.00 3.401240e-14
1950.00 3.953141e-14
1955.00 4.639095e-14
1960.00 4.044427e-14
1965.00 3.314923e-14
1970.00 3.388596e-14
1975.00 1.364192e-14
1980.00 2.606311e-14
1985.00 4.003578e-14
1990.00 3.640664e-14
1995.00 2.405428e-14
2000.00 2.529537e-14
2005.00 2.020745e-14
2010.00 3.346275e-15
2015.00 1.462678e-14
2020.00 3.550242e-14
2025.00 3.021163e-14
2030.00 2.665994e-14
2035.00 3.304881e-14
2040.00 2.774932e-14
2045.00 3.355888e-14
2050.00 3.034565e-14
2055.00 2.026263e-14
2060.00 2.768339e-14
2065.00 2.684299e-14
2070.00 3.179266e-14
2075.00 3.727494e-14
2080.00 2.415611e-14
2085.00 1.720881e-14
2090.00 2.812556e-14
2095.00 4.055281e-14
2100.00 4.115568e-14
2105.00 3.040954e-14
2110.00 3.254309e-14
2115.00 2.377241e-14
2120.00 2.513619e-14
2125.00 3.534244e-14
2130.00 2.615232e-14
2135.00 3.253345e-14
2140.00 3.337616e-14
2145.00 3.667893e-14
2150.00 4.096591e-14
2155.00 2.795505e-14
2160.00 1.506285e-14
2165.00 2.689188e-14
2170.00 3.851055e-14
2175.00 3.353208e-14
2180.00 1.536401e-14
2185.00 2.796414e-14
2190.00 3.535802e-14
2195.00 5.015529e-14
2200.00 3.232530e-14
2205.00 2.113742e-14
2210.00 1.603980e-14
2215.00 3.736973e-14
2220.00 3.263413e-14
2225.00 2.570431e-14
2230.00 2.522001e-14
2235.00 2.503120e-14
2240.00 3.578123e-14
2245.00 4.936564e-14
2250.00 3.262789e-14
2255.00 4.661399e-14
2260.00 3.141938e-14
2265.00 1.885293e-14
2270.00 2.527466e-14
2275.00 2.960515e-14
2280.00 2.579830e-14
2285.00 2.437409e-14
2290.00 3.006659e-14
2295.00 2.992616e-14
2300.00 3.066283e-14
2305.00 2.247220e-14
2310.00 2.759903e-14
2315.00 2.307258e-14
2320.00 2.427861e-14
2325.00 1.524245e-14
2330.00 3.967333e-14
2335.00 3.154120e-14
2340.00 1.097965e-14
2345.00 6.998993e-15
2350.00 9.965287e-15
2355.00 2.330698e-14
2360.00 2.573067e-14
2365.00 2.432930e-14
2370.00 3.300872e-14
2375.00 3.007983e-14
2380.00 2.665540e-14
2385.00 3.350769e-14
2390.00 3.004645e-14
2395.00 3.602392e-14
2400.00 3.871422e-14
2405.00 3.759475e-14
2410.00 2.006886e-14
2415.00 3.227621e-14
2420.00 3.252388e-14
2425.00 3.336033e-14
2430.00 3.225528e-14
2435.00 3.123744e-14
2440.00 2.774851e-14
2445.00 3.636628e-14
2450.00 3.960406e-14
2455.00 4.825171e-14
2460.00 5.747822e-14
2465.00 3.793038e-14
2470.00 2.816750e-14
2475.00 4.251981e-14
2480.00 4.461659e-14
2485.00 3.316149e-14
2490.00 4.019757e-14
2495.00 4.881589e-14
2500.00 4.380146e-14
2505.00 3.613065e-14
2510.00 3.711418e-14
2515.00 3.493091e-14
2520.00 2.559617e-14
2525.00 3.283575e-14
2530.00 2.962527e-14
2535.00 3.405741e-14
2540.00 2.936257e-14
2545.00 3.303696e-14
2550.00 3.710609e-14
2555.00 3.278863e-14
2560.00 2.910627e-14
2565.00 3.761048e-14
2570.00 3.249465e-14
2575.00 3.487044e-14
2580.00 4.414606e-14
2585.00 3.736986e-14
2590.00 3.225293e-14
2595.00 3.076332e-14
2600.00 3.727093e-14
2605.00 3.899463e-14
2610.00 3.703601e-14
2615.00 3.886351e-14
2620.00 3.789973e-14
2625.00 4.277379e-14
2630.00 4.873769e-14
2635.00 4.864189e-14
2640.00 5.577645e-14
2645.00 5.975928e-14
2650.00 5.890335e-14
2655.00 5.387921e-14
2660.00 4.531591e-14
2665.00 4.503765e-14
2670.00 4.645439e-14
2675.00 4.738936e-14
2680.00 4.330281e-14
2685.00 4.634880e-14
2690.00 4.772433e-14
2695.00 4.667477e-14
2700.00 3.746303e-14
2705.00 3.908743e-14
2710.00 4.851899e-14
2715.00 5.161727e-14
2720.00 4.854258e-14
2725.00 4.805880e-14
2730.00 4.988223e-14
2735.00 4.241770e-14
2740.00 3.939849e-14
2745.00 4.339487e-14
2750.00 4.523382e-14
2755.00 5.047441e-14
2760.00 4.794551e-14
2765.00 4.943694e-14
2770.00 4.848603e-14
2775.00 4.777536e-14
2780.00 4.509921e-14
2785.00 4.470432e-14
2790.00 4.109496e-14
2795.00 3.222632e-14
2800.00 4.091683e-14
2805.00 3.750599e-14
2810.00 4.103057e-14
2815.00 4.858540e-14
2820.00 5.360615e-14
2825.00 4.753328e-14
2830.00 4.821531e-14
2835.00 4.653772e-14
2840.00 3.867549e-14
2845.00 4.445143e-14
2850.00 4.959044e-14
2855.00 5.498894e-14
2860.00 5.940178e-14
2865.00 6.193811e-14
2870.00 5.621903e-14
2875.00 5.774001e-14
2880.00 6.097694e-14
2885.00 5.492215e-14
2890.00 5.791403e-14
2895.00 6.340302e-14
2900.00 7.145150e-14
2905.00 7.225098e-14
2910.00 7.309269e-14
2915.00 8.043707e-14
2920.00 8.346439e-14
2925.00 6.910346e-14
2930.00 6.762359e-14
2935.00 6.393895e-14
2940.00 6.895567e-14
2945.00 6.912403e-14
2950.00 6.608511e-14
2955.00 6.802137e-14
2960.00 6.774443e-14
2965.00 7.564707e-14
2970.00 8.000492e-14
2975.00 7.908093e-14
2980.00 6.493721e-14
2985.00 6.983349e-14
2990.00 7.025804e-14
2995.00 7.627272e-14
3000.00 6.889855e-14
3005.00 6.671360e-14
3010.00 5.636181e-14
3015.00 5.886127e-14
3020.00 6.937535e-14
3025.00 8.113045e-14
3030.00 9.433324e-14
3035.00 9.353977e-14
3040.00 8.740809e-14
3045.00 7.505391e-14
3050.00 6.641160e-14
3055.00 7.312731e-14
3060.00 6.412364e-14
3065.00 7.026897e-14
3070.00 8.582731e-14
3075.00 1.209570e-13
3080.00 1.121095e-13
3085.00 7.592599e-14
3090.00 7.803328e-14
3095.00 9.236942e-14
3100.00 8.033417e-14
3105.00 6.523062e-14
3110.00 6.873248e-14
3115.00 9.559116e-14
3120.00 1.009255e-13
3125.00 8.905349e-14
3130.00 7.435601e-14
3135.00 8.200426e-14
3140.00 6.137915e-14
3145.00 5.275207e-14
3150.00 7.547341e-14
3155.00 8.877247e-14
3160.00 8.817839e-14
3165.00 9.389658e-14
3170.00 7.559772e-14
3175.00 8.469675e-14
3180.00 6.230013e-14
3185.00 3.479264e-14
3190.00 7.882479e-14
3195.00 1.562160e-13
3200.00 1.823275e-13
3205.00 1.064566e-13
3210.00 8.457037e-14
3215.00 8.486669e-14
3220.00 1.272399e-13
3225.00 1.239231e-13
3230.00 6.455185e-14
3235.00 3.163525e-14
3240.00 4.420498e-14
3245.00 6.102349e-14
3250.00 8.739135e-14
3255.00 8.183932e-14
3260.00 9.231288e-14
3265.00 1.047816e-13
3270.00 1.080982e-13
3275.00 9.599855e-14
3280.00 7.078503e-14
3285.00 8.179355e-14
3290.00 1.115174e-13
3295.00 1.241680e-13
3300.00 1.254664e-13
3305.00 8.288247e-14
3310.00 6.181545e-14
3315.00 7.491620e-14
3320.00 8.050888e-14
3325.00 7.090248e-14
3330.00 6.721087e-14
3335.00 7.866404e-14
3340.00 5.575448e-14
3345.00 6.836661e-14
3350.00 8.476808e-14
3355.00 1.081690e-13
3360.00 1.240538e-13
3365.00 1.215171e-13
3370.00 8.948581e-14
3375.00 6.949481e-14
3380.00 8.039086e-14
3385.00 1.089229e-13
3390.00 9.870936e-14
3395.00 8.977564e-14
3400.00 1.139003e-13
3405.00 1.378350e-13
3410.00 1.411253e-13
3415.00 1.204487e-13
3420.00 1.148754e-13
3425.00 1.187423e-13
3430.00 8.907507e-14
3435.00 7.624856e-14
3440.00 9.747863e-14
3445.00 8.421324e-14
3450.00 5.795324e-14
3455.00 8.255405e-14
3460.00 1.082802e-13
3465.00 9.723068e-14
3470.00 7.425157e-14
3475.00 3.539401e-14
3480.00 4.194708e-14
3485.00 8.535287e-14
3490.00 8.192291e-14
3495.00 6.623920e-14
3500.00 7.071891e-14
3505.00 6.831510e-14
3510.00 7.283642e-14
3515.00 8.105378e-14
3520.00 7.006399e-14
3525.00 4.555354e-14
3530.00 4.413236e-14
3535.00 7.302253e-14
3540.00 8.212886e-14
3545.00 9.107670e-14
3550.00 9.231887e-14
3555.00 1.015956e-13
3560.00 1.134719e-13
3565.00 9.063748e-14
3570.00 7.311036e-14
3575.00 7.748856e-14
3580.00 6.682581e-14
3585.00 5.568320e-14
3590.00 6.064881e-14
3595.00 6.739852e-14
3600.00 6.684981e-14
3605.00 7.246659e-14
3610.00 6.870403e-14
3615.00 6.135308e-14
3620.00 7.935638e-14
3625.00 8.719981e-14
3630.00 8.463751e-14
3635.00 7.824632e-14
3640.00 6.767435e-14
3645.00 6.692866e-14
3650.00 7.286102e-14
3655.00 7.399676e-14
3660.00 7.294632e-14
3665.00 8.057604e-14
3670.00 8.069097e-14
3675.00 8.839132e-14
3680.00 9.767291e-14
3685.00 9.102560e-14
3690.00 7.873763e-14
3695.00 7.502832e-14
3700.00 8.695550e-14
3705.00 9.102912e-14
3710.00 8.492220e-14
3715.00 9.250113e-14
3720.00 2.116618e-13
3725.00 4.260645e-13
3730.00 3.761742e-13
3735.00 1.651116e-13
3740.00 8.858896e-14
3745.00 7.135541e-14
3750.00 7.470957e-14
3755.00 7.857312e-14
3760.00 7.955415e-14
3765.00 7.873499e-14
3770.00 7.017484e-14
3775.00 6.235774e-14
3780.00 5.712104e-14
3785.00 5.767547e-14
3790.00 5.940598e-14
3795.00 6.283788e-14
3800.00 6.292242e-14
3805.00 4.967505e-14
3810.00 4.315561e-14
3815.00 5.386170e-14
3820.00 6.375948e-14
3825.00 6.341124e-14
3830.00 5.571732e-14
3835.00 6.551887e-14
3840.00 6.438900e-14
3845.00 5.619814e-14
3850.00 6.048933e-14
3855.00 5.923024e-14
3860.00 5.925860e-14
3865.00 6.429957e-14
3870.00 5.203665e-14
3875.00 4.681489e-14
3880.00 6.243446e-14
3885.00 8.252204e-14
3890.00 8.224128e-14
3895.00 6.218829e-14
3900.00 5.532917e-14
3905.00 5.702678e-14
3910.00 4.982047e-14
3915.00 4.730869e-14
3920.00 4.899593e-14
3925.00 5.250902e-14
3930.00 5.016501e-14
3935.00 5.093118e-14
3940.00 5.628525e-14
3945.00 5.988417e-14
3950.00 5.748703e-14
3955.00 4.678911e-14
3960.00 4.800352e-14
3965.00 6.068661e-14
3970.00 7.002294e-14
3975.00 6.207560e-14
3980.00 5.491033e-14
3985.00 5.874720e-14
3990.00 5.999464e-14
3995.00 6.204766e-14
4000.00 6.037958e-14
4005.00 5.514124e-14
4010.00 5.448228e-14
4015.00 5.687876e-14
4020.00 5.785535e-14
4025.00 5.647146e-14
4030.00 5.800245e-14
4035.00 5.847854e-14
4040.00 6.309338e-14
4045.00 6.355336e-14
4050.00 6.015405e-14
4055.00 5.537040e-14
4060.00 5.750009e-14
4065.00 6.385252e-14
4070.00 6.063191e-14
4075.00 5.733288e-14
4080.00 5.505632e-14
4085.00 5.790327e-14
4090.00 6.151499e-14
4095.00 6.884572e-14
4100.00 9.071892e-14
4105.00 8.580307e-14
4110.00 5.943653e-14
4115.00 4.891688e-14
4120.00 4.968587e-14
4125.00 5.361902e-14
4130.00 5.800079e-14
4135.00 6.519388e-14
4140.00 6.001723e-14
4145.00 5.148608e-14
4150.00 5.427253e-14
4155.00 5.561532e-14
4160.00 5.392663e-14
4165.00 5.301892e-14
4170.00 5.058442e-14
4175.00 4.836761e-14
4180.00 5.294057e-14
4185.00 5.738664e-14
4190.00 5.463345e-14
4195.00 5.192169e-14
4200.00 5.181011e-14
4205.00 5.434501e-14
4210.00 5.607772e-14
4215.00 5.305182e-14
4220.00 5.240653e-14
4225.00 5.703029e-14
4230.00 5.823663e-14
4235.00 5.204601e-14
4240.00 5.241028e-14
4245.00 6.387177e-14
4250.00 6.632419e-14
4255.00 5.912898e-14
4260.00 5.771485e-14
4265.00 5.250898e-14
4270.00 5.203837e-14
4275.00 5.624353e-14
4280.00 5.441345e-14
4285.00 5.465236e-14
4290.00 5.785159e-14
4295.00 5.355846e-14
4300.00 5.017629e-14
4305.00 5.147912e-14
4310.00 5.003161e-14
4315.00 4.599221e-14
4320.00 4.863845e-14
4325.00 5.593359e-14
4330.00 6.334661e-14
4335.00 9.456144e-14
4340.00 1.278797e-13
4345.00 1.003684e-13
4350.00 6.651757e-14
4355.00 5.911040e-14
4360.00 5.880723e-14
4365.00 5.992622e-14
4370.00 6.252591e-14
4375.00 5.985730e-14
4380.00 5.443208e-14
4385.00 5.093663e-14
4390.00 5.172217e-14
4395.00 5.330535e-14
4400.00 5.174154e-14
4405.00 5.008395e-14
4410.00 5.121825e-14
4415.00 5.240891e-14
4420.00 5.557788e-14
4425.00 6.019829e-14
4430.00 5.616351e-14
4435.00 5.150883e-14
4440.00 4.974850e-14
4445.00 4.610685e-14
4450.00 4.402702e-14
4455.00 4.695825e-14
4460.00 5.057420e-14
4465.00 5.252588e-14
4470.00 5.792540e-14
4475.00 5.377931e-14
4480.00 5.184732e-14
4485.00 5.310794e-14
4490.00 5.087918e-14
4495.00 5.532448e-14
4500.00 5.694410e-14
4505.00 5.251149e-14
4510.00 4.958749e-14
4515.00 4.742941e-14
4520.00 4.505144e-14
4525.00 4.549596e-14
4530.00 4.607727e-14
4535.00 4.665708e-14
4540.00 4.816742e-14
4545.00 4.856162e-14
4550.00 4.335807e-14
4555.00 4.085300e-14
4560.00 4.753631e-14
4565.00 5.048469e-14
4570.00 5.026696e-14
4575.00 5.031927e-14
4580.00 4.894802e-14
4585.00 4.603363e-14
4590.00 5.039996e-14
4595.00 5.367810e-14
4600.00 5.196821e-14
4605.00 4.729581e-14
4610.00 4.389226e-14
4615.00 4.472024e-14
4620.00 4.569184e-14
4625.00 4.967041e-14
4630.00 5.075003e-14
4635.00 5.047318e-14
4640.00 5.164695e-14
4645.00 5.117737e-14
4650.00 4.963304e-14
4655.00 5.049994e-14
4660.00 5.352804e-14
4665.00 5.292924e-14
4670.00 5.240488e-14
4675.00 4.811030e-14
4680.00 4.498977e-14
4685.00 4.479858e-14
4690.00 4.650274e-14
4695.00 4.569660e-14
4700.00 4.174547e-14
4705.00 4.350521e-14
4710.00 4.665302e-14
4715.00 4.952723e-14
4720.00 4.756425e-14
4725.00 4.455343e-14
4730.00 4.313102e-14
4735.00 4.154316e-14
4740.00 3.897474e-14
4745.00 3.775371e-14
4750.00 3.981543e-14
4755.00 4.193299e-14
4760.00 4.218574e-14
4765.00 3.882335e-14
4770.00 3.744200e-14
4775.00 4.050641e-14
4780.00 4.183598e-14
4785.00 4.175616e-14
4790.00 3.950515e-14
4795.00 3.930105e-14
4800.00 4.494014e-14
4805.00 4.749220e-14
4810.00 4.763204e-14
4815.00 4.759385e-14
4820.00 4.300773e-14
4825.00 4.361385e-14
4830.00 4.511289e-14
4835.00 4.335808e-14
4840.00 4.167495e-14
4845.00 3.567062e-14
4850.00 5.383813e-14
4855.00 1.059795e-13
4860.00 1.861782e-13
4865.00 1.696106e-13
4870.00 9.257192e-14
4875.00 5.673651e-14
4880.00 4.756952e-14
4885.00 4.256614e-14
4890.00 4.120745e-14
4895.00 4.231432e-14
4900.00 4.347577e-14
4905.00 4.340107e-14
4910.00 4.228481e-14
4915.00 4.379892e-14
4920.00 4.511287e-14
4925.00 4.469884e-14
4930.00 4.285462e-14
4935.00 4.058600e-14
4940.00 3.990751e-14
4945.00 4.390628e-14
4950.00 5.465160e-14
4955.00 8.315234e-14
4960.00 9.840817e-14
4965.00 7.310251e-14
4970.00 4.883490e-14
4975.00 4.191062e-14
4980.00 4.052031e-14
4985.00 4.229711e-14
4990.00 4.432715e-14
4995.00 5.140138e-14
5000.00 1.097426e-13
5005.00 2.171378e-13
5010.00 2.191782e-13
5015.00 1.080579e-13
5020.00 5.626715e-14
5025.00 4.531345e-14
5030.00 4.297935e-14
5035.00 4.134907e-14
5040.00 3.872480e-14
5045.00 3.799648e-14
5050.00 3.958841e-14
5055.00 3.788260e-14
5060.00 3.703653e-14
5065.00 3.905576e-14
5070.00 3.917425e-14
5075.00 3.972983e-14
5080.00 4.082028e-14
5085.00 3.950665e-14
5090.00 3.766554e-14
5095.00 3.619014e-14
5100.00 3.864098e-14
5105.00 3.931309e-14
5110.00 3.892975e-14
5115.00 3.694174e-14
5120.00 3.419689e-14
5125.00 3.478790e-14
5130.00 3.956263e-14
5135.00 4.131508e-14
5140.00 4.028134e-14
5145.00 3.898424e-14
5150.00 4.023026e-14
5155.00 3.896924e-14
5160.00 3.352858e-14
5165.00 3.240967e-14
5170.00 3.473343e-14
5175.00 3.641055e-14
5180.00 3.667145e-14
5185.00 3.612723e-14
5190.00 3.599133e-14
5195.00 3.723824e-14
5200.00 3.788138e-14
5205.00 3.607916e-14
5210.00 3.419977e-14
5215.00 3.222127e-14
5220.00 3.474042e-14
5225.00 3.806436e-14
5230.00 3.802019e-14
5235.00 3.757888e-14
5240.00 3.799179e-14
5245.00 3.672578e-14
5250.00 3.500739e-14
5255.00 3.566560e-14
5260.00 3.790983e-14
5265.00 4.058613e-14
5270.00 4.056457e-14
5275.00 3.867691e-14
5280.00 3.964614e-14
5285.00 3.833008e-14
5290.00 3.709035e-14
5295.00 3.916338e-14
5300.00 3.883389e-14
5305.00 3.471283e-14
5310.00 3.591157e-14
5315.00 3.688951e-14
5320.00 3.511929e-14
5325.00 3.394522e-14
5330.00 3.207871e-14
5335.00 3.257089e-14
5340.00 3.496118e-14
5345.00 3.604572e-14
5350.00 3.592921e-14
5355.00 3.440205e-14
5360.00 3.405904e-14
5365.00 3.543641e-14
5370.00 3.376226e-14
5375.00 3.497529e-14
5380.00 3.702153e-14
5385.00 3.630152e-14
5390.00 3.583826e-14
5395.00 3.566550e-14
5400.00 3.412452e-14
5405.00 3.601420e-14
5410.00 3.811303e-14
5415.00 3.721091e-14
5420.00 3.671841e-14
5425.00 3.760219e-14
5430.00 3.927441e-14
5435.00 3.757643e-14
5440.00 3.196811e-14
5445.00 2.817155e-14
5450.00 2.965733e-14
5455.00 3.237705e-14
5460.00 3.361397e-14
5465.00 3.329651e-14
5470.00 3.169175e-14
5475.00 3.327444e-14
5480.00 3.476762e-14
5485.00 3.336227e-14
5490.00 3.557620e-14
5495.00 3.473378e-14
5500.00 2.285842e-14
5505.00 2.269280e-14
5510.00 3.000171e-14
5515.00 2.845865e-14
5520.00 2.744547e-14
5525.00 3.244847e-14
5530.00 3.103158e-14
5535.00 3.509705e-14
5540.00 3.967125e-14
5545.00 3.856347e-14
5550.00 3.663559e-14
5555.00 3.579215e-14
5560.00 3.292245e-14
5565.00 3.106646e-14
5570.00 3.415625e-14
5575.00 3.495864e-14
5580.00 3.567864e-14
5585.00 3.463578e-14
5590.00 3.375126e-14
5595.00 3.518808e-14
5600.00 3.475804e-14
5605.00 3.103896e-14
5610.00 2.912685e-14
5615.00 3.312477e-14
5620.00 3.327759e-14
5625.00 3.140603e-14
5630.00 3.370677e-14
5635.00 3.567634e-14
5640.00 3.297387e-14
5645.00 2.869485e-14
5650.00 2.696163e-14
5655.00 2.833563e-14
5660.00 2.926211e-14
5665.00 2.795290e-14
5670.00 3.016122e-14
5675.00 3.631362e-14
5680.00 4.001109e-14
5685.00 3.630613e-14
5690.00 3.343210e-14
5695.00 3.270140e-14
5700.00 3.210670e-14
5705.00 3.186511e-14
5710.00 3.400481e-14
5715.00 3.422783e-14
5720.00 3.252147e-14
5725.00 3.369531e-14
5730.00 3.418375e-14
5735.00 2.803436e-14
5740.00 2.046381e-14
5745.00 2.449167e-14
5750.00 3.068495e-14
5755.00 3.116407e-14
5760.00 3.187164e-14
5765.00 3.198094e-14
5770.00 3.103608e-14
5775.00 3.252641e-14
5780.00 3.155138e-14
5785.00 3.275287e-14
5790.00 3.331449e-14
5795.00 3.435067e-14
5800.00 3.499181e-14
5805.00 3.320352e-14
5810.00 3.410069e-14
5815.00 3.378087e-14
5820.00 3.005017e-14
5825.00 2.951903e-14
5830.00 2.989383e-14
5835.00 3.028578e-14
5840.00 3.009275e-14
5845.00 2.892672e-14
5850.00 2.954418e-14
5855.00 3.019641e-14
5860.00 3.200118e-14
5865.00 3.403334e-14
5870.00 3.615983e-14
5875.00 4.383078e-14
5880.00 4.659425e-14
5885.00 3.629393e-14
5890.00 2.890795e-14
5895.00 2.854481e-14
5900.00 3.092642e-14
5905.00 3.196867e-14
5910.00 3.065407e-14
5915.00 2.915056e-14
5920.00 2.891882e-14
5925.00 2.980710e-14
5930.00 3.210411e-14
5935.00 3.379218e-14
5940.00 3.391104e-14
5945.00 3.291623e-14
5950.00 3.271433e-14
5955.00 3.257326e-14
5960.00 3.079471e-14
5965.00 3.115520e-14
5970.00 3.258994e-14
5975.00 3.296300e-14
5980.00 3.362350e-14
5985.00 3.299337e-14
5990.00 3.110822e-14
5995.00 3.162312e-14
6000.00 3.182881e-14
6005.00 3.116606e-14
6010.00 2.853186e-14
6015.00 2.791132e-14
6020.00 2.921554e-14
6025.00 2.942603e-14
6030.00 2.991558e-14
6035.00 2.935147e-14
6040.00 2.936013e-14
6045.00 2.683673e-14
6050.00 2.384542e-14
6055.00 2.566046e-14
6060.00 2.754612e-14
6065.00 2.827445e-14
6070.00 2.935640e-14
6075.00 3.032726e-14
6080.00 3.024200e-14
6085.00 2.921940e-14
6090.00 2.884245e-14
6095.00 3.007509e-14
6100.00 3.149867e-14
6105.00 3.119336e-14
6110.00 3.120519e-14
6115.00 3.068925e-14
6120.00 2.953440e-14
6125.00 2.900340e-14
6130.00 2.795797e-14
6135.00 2.604945e-14
6140.00 2.675596e-14
6145.00 2.813610e-14
6150.00 2.696275e-14
6155.00 2.716884e-14
6160.00 2.843885e-14
6165.00 2.892255e-14
6170.00 2.870181e-14
6175.00 2.866486e-14
6180.00 2.774053e-14
6185.00 2.805827e-14
6190.00 2.810972e-14
6195.00 2.790449e-14
6200.00 2.957123e-14
6205.00 2.958528e-14
6210.00 2.985437e-14
6215.00 2.919706e-14
6220.00 2.677511e-14
6225.00 2.629891e-14
6230.00 2.789048e-14
6235.00 3.031358e-14
6240.00 2.817412e-14
6245.00 2.618686e-14
6250.00 2.743531e-14
6255.00 2.820412e-14
6260.00 3.224106e-14
6265.00 3.364029e-14
6270.00 3.177156e-14
6275.00 2.955368e-14
6280.00 2.737666e-14
6285.00 2.592933e-14
6290.00 2.341843e-14
6295.00 2.211987e-14
6300.00 2.446988e-14
6305.00 2.625224e-14
6310.00 2.800312e-14
6315.00 2.753539e-14
6320.00 2.728857e-14
6325.00 2.876049e-14
6330.00 2.672714e-14
6335.00 2.531982e-14
6340.00 2.790690e-14
6345.00 2.986077e-14
6350.00 3.078172e-14
6355.00 3.044738e-14
6360.00 2.917774e-14
6365.00 2.911842e-14
6370.00 3.045340e-14
6375.00 3.083181e-14
6380.00 2.952763e-14
6385.00 2.682505e-14
6390.00 2.606887e-14
6395.00 2.734951e-14
6400.00 2.818686e-14
6405.00 2.770319e-14
6410.00 2.818717e-14
6415.00 2.847497e-14
6420.00 2.637318e-14
6425.00 2.574868e-14
6430.00 2.677491e-14
6435.00 2.768111e-14
6440.00 2.930568e-14
6445.00 2.790158e-14
6450.00 2.478672e-14
6455.00 2.495395e-14
6460.00 2.637962e-14
6465.00 2.713562e-14
6470.00 2.806020e-14
6475.00 2.735573e-14
6480.00 2.782573e-14
6485.00 2.734974e-14
6490.00 2.582237e-14
6495.00 2.510985e-14
6500.00 2.484532e-14
6505.00 2.483208e-14
6510.00 2.413979e-14
6515.00 2.494801e-14
6520.00 2.725101e-14
6525.00 3.118919e-14
6530.00 3.348789e-14
6535.00 3.213730e-14
6540.00 3.580829e-14
6545.00 5.196675e-14
6550.00 7.782346e-14
6555.00 1.575439e-13
6560.00 3.930659e-13
6565.00 5.099769e-13
6570.00 2.795131e-13
6575.00 9.869252e-14
6580.00 9.579703e-14
6585.00 1.219290e-13
6590.00 7.705194e-14
6595.00 3.982071e-14
6600.00 3.451549e-14
6605.00 3.076311e-14
6610.00 2.659958e-14
6615.00 2.747339e-14
6620.00 2.964841e-14
6625.00 2.884893e-14
6630.00 2.915126e-14
6635.00 2.799367e-14
6640.00 2.673324e-14
6645.00 2.744669e-14
6650.00 2.749236e-14
6655.00 2.584163e-14
6660.00 2.510395e-14
6665.00 2.466578e-14
6670.00 2.899781e-14
6675.00 3.240294e-14
6680.00 3.180525e-14
6685.00 2.954743e-14
6690.00 2.924490e-14
6695.00 2.878238e-14
6700.00 2.914069e-14
6705.00 3.053593e-14
6710.00 3.718998e-14
6715.00 5.376659e-14
6720.00 5.776138e-14
6725.00 5.022715e-14
6730.00 5.460314e-14
6735.00 5.071573e-14
6740.00 3.559191e-14
6745.00 2.895551e-14
6750.00 2.893727e-14
6755.00 2.805852e-14
6760.00 2.455479e-14
6765.00 2.376945e-14
6770.00 2.645187e-14
6775.00 2.668790e-14
6780.00 2.597661e-14
6785.00 2.656160e-14
6790.00 2.621280e-14
6795.00 2.424242e-14
6800.00 2.685246e-14
6805.00 2.676951e-14
6810.00 2.547693e-14
6815.00 2.770337e-14
6820.00 2.896412e-14
6825.00 2.799122e-14
6830.00 2.775866e-14
6835.00 2.566328e-14
6840.00 2.561076e-14
6845.00 2.665084e-14
6850.00 2.645382e-14
6855.00 2.600435e-14
6860.00 2.755672e-14
6865.00 2.361014e-14
6870.00 1.864906e-14
6875.00 1.924223e-14
6880.00 2.087529e-14
6885.00 2.315497e-14
6890.00 2.551095e-14
6895.00 2.632461e-14
6900.00 2.438051e-14
6905.00 2.359395e-14
6910.00 2.422028e-14
6915.00 2.647412e-14
6920.00 2.769690e-14
6925.00 2.504188e-14
6930.00 2.395263e-14
6935.00 2.279385e-14
6940.00 2.283763e-14
6945.00 2.312785e-14
6950.00 2.104196e-14
6955.00 1.940656e-14
6960.00 1.834283e-14
6965.00 2.006114e-14
6970.00 2.139615e-14
6975.00 2.066703e-14
6980.00 2.321912e-14
6985.00 2.637792e-14
6990.00 2.599850e-14
6995.00 2.599103e-14
7000.00 2.540554e-14
7005.00 2.572682e-14
7010.00 2.714892e-14
7015.00 2.543428e-14
7020.00 2.497613e-14
7025.00 2.374999e-14
7030.00 2.185253e-14
7035.00 2.354022e-14
7040.00 2.633601e-14
7045.00 2.936353e-14
7050.00 3.057796e-14
7055.00 2.510304e-14
7060.00 2.167503e-14
7065.00 2.296732e-14
7070.00 2.384109e-14
7075.00 2.243633e-14
7080.00 2.166740e-14
7085.00 2.491461e-14
7090.00 2.743815e-14
7095.00 2.550328e-14
7100.00 2.293590e-14
7105.00 2.321759e-14
7110.00 2.339502e-14
7115.00 2.447117e-14
7120.00 2.625927e-14
7125.00 2.621307e-14
7130.00 3.155282e-14
7135.00 3.942517e-14
7140.00 3.787391e-14
7145.00 3.147940e-14
7150.00 2.661322e-14
7155.00 2.650484e-14
7160.00 2.845425e-14
7165.00 2.714935e-14
7170.00 2.371965e-14
7175.00 1.974327e-14
7180.00 2.122724e-14
7185.00 2.404579e-14
7190.00 2.248709e-14
7195.00 2.146635e-14
7200.00 2.416758e-14
7205.00 2.773685e-14
7210.00 2.745316e-14
7215.00 2.392618e-14
7220.00 1.980252e-14
7225.00 1.908951e-14
7230.00 1.888042e-14
7235.00 1.735977e-14
7240.00 2.133890e-14
7245.00 2.015359e-14
7250.00 1.912504e-14
7255.00 1.930044e-14
7260.00 1.777196e-14
7265.00 1.773016e-14
7270.00 1.658400e-14
7275.00 1.983957e-14
7280.00 2.389804e-14
7285.00 2.252721e-14
7290.00 2.171493e-14
7295.00 2.140407e-14
7300.00 2.336558e-14
7305.00 2.604811e-14
7310.00 2.492637e-14
7315.00 2.594580e-14
7320.00 2.786927e-14
7325.00 2.965682e-14
7330.00 3.018851e-14
7335.00 2.422134e-14
7340.00 2.396337e-14
7345.00 2.693672e-14
7350.00 2.481316e-14
7355.00 2.630249e-14
7360.00 3.461760e-14
7365.00 4.434464e-14
7370.00 4.065461e-14
7375.00 2.575050e-14
7380.00 1.858988e-14
7385.00 1.947531e-14
7390.00 2.010550e-14
7395.00 2.542498e-14
7400.00 3.350687e-14
7405.00 3.726964e-14
7410.00 3.516954e-14
7415.00 3.308627e-14
7420.00 3.433934e-14
7425.00 3.547557e-14
7430.00 3.397462e-14
7435.00 2.841358e-14
7440.00 2.073612e-14
7445.00 1.856996e-14
7450.00 2.061280e-14
7455.00 3.172575e-14
7460.00 3.562479e-14
7465.00 3.098868e-14
7470.00 2.129661e-14
7475.00 1.597130e-14
7480.00 1.864685e-14
7485.00 2.515573e-14
7490.00 2.764672e-14
7495.00 2.737701e-14
7500.00 2.021397e-14
7505.00 2.049686e-14
7510.00 2.696422e-14
7515.00 2.221796e-14
7520.00 2.963778e-14
7525.00 3.258106e-14
7530.00 2.514121e-14
7535.00 1.773296e-14
7540.00 1.835379e-14
7545.00 2.103828e-14
7550.00 2.260780e-14
7555.00 3.268979e-14
7560.00 6.307329e-14
7565.00 6.428823e-14
7570.00 4.078928e-14
7575.00 3.272117e-14
7580.00 3.457158e-14
7585.00 2.993612e-14
7590.00 2.036079e-14
7595.00 1.426540e-14
7600.00 2.874543e-14
7605.00 5.762726e-14
7610.00 6.401544e-14
7615.00 4.309888e-14
7620.00 2.513700e-14
7625.00 2.344762e-14
7630.00 2.339269e-14
7635.00 2.630588e-14
7640.00 4.970469e-14
7645.00 7.354357e-14
7650.00 6.748683e-14
7655.00 4.287152e-14
7660.00 2.339826e-14
7670.00 2.709982e-14
7680.00 2.702929e-14
7690.00 2.695904e-14
7700.00 2.688906e-14
7710.00 2.681935e-14
7720.00 2.674992e-14
7730.00 2.668075e-14
7740.00 2.661185e-14
7750.00 2.654322e-14
7760.00 2.647486e-14
7770.00 2.640675e-14
7780.00 2.633891e-14
7790.00 2.627133e-14
7800.00 2.620402e-14
7810.00 2.613695e-14
7820.00 2.607015e-14
7830.00 2.600360e-14
7840.00 2.593731e-14
7850.00 2.587127e-14
7860.00 2.580548e-14
7870.00 2.573994e-14
7880.00 2.567466e-14
7890.00 2.560962e-14
7900.00 2.554482e-14
7910.00 2.548027e-14
7920.00 2.541597e-14
7930.00 2.535191e-14
7940.00 2.528809e-14
7950.00 2.522451e-14
7960.00 2.516118e-14
7970.00 2.509808e-14
7980.00 2.503521e-14
7990.00 2.497258e-14
8000.00 2.491019e-14
8010.00 2.484803e-14
8020.00 2.478611e-14
8030.00 2.472441e-14
8040.00 2.466295e-14
8050.00 2.460171e-14
8060.00 2.454070e-14
8070.00 2.447992e-14
8080.00 2.441936e-14
8090.00 2.435903e-14
8100.00 2.429892e-14
8110.00 2.423904e-14
8120.00 2.417937e-14
8130.00 2.411993e-14
8140.00 2.406070e-14
8150.00 2.400169e-14
8160.00 2.394290e-14
8170.00 2.388432e-14
8180.00 2.382596e-14
8190.00 2.376781e-14
8200.00 2.370988e-14
8210.00 2.365216e-14
8220.00 2.359464e-14
8230.00 2.353734e-14
8240.00 2.348025e-14
8250.00 2.342336e-14
8260.00 2.336668e-14
8270.00 2.331020e-14
8280.00 2.325393e-14
8290.00 2.319786e-14
8300.00 2.314200e-14
8310.00 2.308634e-14
8320.00 2.303087e-14
8330.00 2.297561e-14
8340.00 2.292055e-14
8350.00 2.286568e-14
8360.00 2.281101e-14
8370.00 2.275654e-14
8380.00 2.270226e-14
8390.00 2.264817e-14
8400.00 2.259428e-14
8410.00 2.254058e-14
8420.00 2.248707e-14
8430.00 2.243375e-14
8440.00 2.238062e-14
8450.00 2.232768e-14
8460.00 2.227493e-14
8470.00 2.222236e-14
8480.00 2.216998e-14
8490.00 2.211779e-14
8500.00 2.206578e-14
8510.00 2.201395e-14
8520.00 2.196230e-14
8530.00 2.191084e-14
8540.00 2.185955e-14
8550.00 2.180845e-14
8560.00 2.175753e-14
8570.00 2.170678e-14
8580.00 2.165621e-14
8590.00 2.160582e-14
8600.00 2.155560e-14
8610.00 2.150556e-14
8620.00 2.145569e-14
8630.00 2.140600e-14
8640.00 2.135648e-14
8650.00 2.130712e-14
8660.00 2.125794e-14
8670.00 2.120894e-14
8680.00 2.116009e-14
8690.00 2.111142e-14
8700.00 2.106292e-14
8710.00 2.101458e-14
8720.00 2.096641e-14
8730.00 2.091841e-14
8740.00 2.087056e-14
8750.00 2.082289e-14
8760.00 2.077537e-14
8770.00 2.072802e-14
8780.00 2.068083e-14
8790.00 2.063380e-14
8800.00 2.058694e-14
8810.00 2.054023e-14
8820.00 2.049368e-14
8830.00 2.044728e-14
8840.00 2.040105e-14
8850.00 2.035497e-14
8860.00 2.030905e-14
8870.00 2.026328e-14
8880.00 2.021767e-14
8890.00 2.017221e-14
8900.00 2.012691e-14
8910.00 2.008175e-14
8920.00 2.003675e-14
8930.00 1.999190e-14
8940.00 1.994720e-14
8950.00 1.990265e-14
8960.00 1.985825e-14
8970.00 1.981400e-14
8980.00 1.976990e-14
8990.00 1.972594e-14
9000.00 1.968213e-14
9010.00 1.963846e-14
9020.00 1.959494e-14
9030.00 1.955157e-14
9040.00 1.950833e-14
9050.00 1.946525e-14
9060.00 1.942230e-14
9070.00 1.937950e-14
9080.00 1.933683e-14
9090.00 1.929431e-14
9100.00 1.925193e-14
9110.00 1.920969e-14
9120.00 1.916758e-14
9130.00 1.912562e-14
9140.00 1.908379e-14
9150.00 1.904210e-14
9160.00 1.900055e-14
9170.00 1.895913e-14
9180.00 1.891785e-14
9190.00 1.887670e-14
9200.00 1.883568e-14
9210.00 1.879480e-14
9220.00 1.875406e-14
9230.00 1.871344e-14
9240.00 1.867296e-14
9250.00 1.863261e-14
9260.00 1.859238e-14
9270.00 1.855229e-14
9280.00 1.851233e-14
9290.00 1.847250e-14
9300.00 1.843279e-14
9310.00 1.839322e-14
9320.00 1.835377e-14
9330.00 1.831445e-14
9340.00 1.827525e-14
9350.00 1.823618e-14
9360.00 1.819723e-14
9370.00 1.815841e-14
9380.00 1.811972e-14
9390.00 1.808114e-14
9400.00 1.804269e-14
9410.00 1.800437e-14
9420.00 1.796616e-14
9430.00 1.792808e-14
9440.00 1.789011e-14
9450.00 1.785227e-14
9460.00 1.781455e-14
9470.00 1.777694e-14
9480.00 1.773946e-14
9490.00 1.770209e-14
9500.00 1.766485e-14
9510.00 1.762772e-14
9520.00 1.759070e-14
9530.00 1.755380e-14
9540.00 1.751702e-14
9550.00 1.748036e-14
9560.00 1.744381e-14
9570.00 1.740737e-14
9580.00 1.737105e-14
9590.00 1.733484e-14
9600.00 1.729874e-14
9610.00 1.726276e-14
9620.00 1.722689e-14
9630.00 1.719113e-14
9640.00 1.715548e-14
9650.00 1.711995e-14
9660.00 1.708452e-14
9670.00 1.704920e-14
9680.00 1.701400e-14
9690.00 1.697890e-14
9700.00 1.694391e-14
9710.00 1.690903e-14
9720.00 1.687425e-14
9730.00 1.683958e-14
9740.00 1.680502e-14
9750.00 1.677057e-14
9760.00 1.673622e-14
9770.00 1.670198e-14
9780.00 1.666784e-14
9790.00 1.663381e-14
9800.00 1.659988e-14
9810.00 1.656605e-14
9820.00 1.653233e-14
9830.00 1.649871e-14
9840.00 1.646519e-14
9850.00 1.643178e-14
9860.00 1.639847e-14
9870.00 1.636525e-14
9880.00 1.633214e-14
9890.00 1.629913e-14
9900.00 1.626622e-14
9910.00 1.623341e-14
9920.00 1.620070e-14
9930.00 1.616808e-14
9940.00 1.613557e-14
9950.00 1.610315e-14
9960.00 1.607083e-14
9970.00 1.603861e-14
9980.00 1.600649e-14
9990.00 1.597446e-14
10000.00 1.594252e-14
10010.00 1.591069e-14
10020.00 1.587894e-14
10030.00 1.584730e-14
10040.00 1.581574e-14
10050.00 1.578429e-14
10060.00 1.575292e-14
10070.00 1.572165e-14
10080.00 1.569047e-14
10090.00 1.565939e-14
10100.00 1.562839e-14
10110.00 1.559749e-14
10120.00 1.556668e-14
10130.00 1.553596e-14
10140.00 1.550533e-14
10150.00 1.547480e-14
10160.00 1.544435e-14
10170.00 1.541399e-14
10180.00 1.538372e-14
10190.00 1.535355e-14
10200.00 1.532346e-14
10210.00 1.529345e-14
10220.00 1.526354e-14
10230.00 1.523371e-14
10240.00 1.520397e-14
10250.00 1.517432e-14
10260.00 1.514476e-14
10270.00 1.511528e-14
10280.00 1.508589e-14
10290.00 1.505658e-14
10300.00 1.502736e-14
10310.00 1.499822e-14
10320.00 1.496917e-14
10330.00 1.494020e-14
10340.00 1.491132e-14
10350.00 1.488252e-14
10360.00 1.485380e-14
10370.00 1.482517e-14
10380.00 1.479661e-14
10390.00 1.476815e-14
10400.00 1.473976e-14
10410.00 1.471145e-14
10420.00 1.468323e-14
10430.00 1.465509e-14
10440.00 1.462703e-14
10450.00 1.459905e-14
10460.00 1.457115e-14
10470.00 1.454332e-14
10480.00 1.451558e-14
10490.00 1.448792e-14
10500.00 1.446034e-14
10510.00 1.443283e-14
10520.00 1.440541e-14
10530.00 1.437806e-14
10540.00 1.435079e-14
10550.00 1.432360e-14
10560.00 1.429648e-14
10570.00 1.426945e-14
10580.00 1.424248e-14
10590.00 1.421560e-14
10600.00 1.418879e-14
10610.00 1.416206e-14
10620.00 1.413540e-14
10630.00 1.410881e-14
10640.00 1.408231e-14
10650.00 1.405587e-14
10660.00 1.402951e-14
10670.00 1.400323e-14
10680.00 1.397702e-14
10690.00 1.395088e-14
10700.00 1.392482e-14
10710.00 1.389883e-14
10720.00 1.387291e-14
10730.00 1.384706e-14
10740.00 1.382129e-14
10750.00 1.379559e-14
10760.00 1.376995e-14
10770.00 1.374440e-14
10780.00 1.371891e-14
10790.00 1.369349e-14
10800.00 1.366814e-14
10810.00 1.364287e-14
10820.00 1.361766e-14
10830.00 1.359253e-14
10840.00 1.356746e-14
10850.00 1.354246e-14
10860.00 1.351753e-14
10870.00 1.349267e-14
10880.00 1.346788e-14
10890.00 1.344316e-14
10900.00 1.341850e-14
10910.00 1.339392e-14
10920.00 1.336940e-14
10930.00 1.334494e-14
10940.00 1.332056e-14
10950.00 1.329624e-14
10960.00 1.327199e-14
10970.00 1.324780e-14
10980.00 1.322368e-14
10990.00 1.319963e-14
11000.00 1.317564e-14
