# Galaxy: Sa: Kinney et al. (1996) galaxy templates, STScI CDBS. Sa galaxy. Extended beyond 9995 A with constant f_nu.
# wavelength[A] f_lambda[relative]
1235.00 5.809136e-15
1240.00 6.253728e-15
1245.00 5.575472e-15
1250.00 3.773356e-15
1255.00 3.225582e-15
1260.00 2.494574e-15
1265.00 3.533604e-15
1270.00 3.641310e-15
1275.00 4.868715e-15
1280.00 5.499121e-15
1285.00 4.718299e-15
1290.00 3.521562e-15
1295.00 3.800277e-15
1300.00 3.066340e-15
1305.00 1.834559e-15
1310.00 3.203530e-15
1315.00 3.662544e-15
1320.00 3.259179e-15
1325.00 2.873949e-15
1330.00 2.872362e-15
1335.00 2.738162e-15
1340.00 2.903262e-15
1345.00 3.465047e-15
1350.00 3.607989e-15
1355.00 3.232434e-15
1360.00 2.724988e-15
1365.00 2.449116e-15
1370.00 3.315690e-15
1375.00 2.608617e-15
1380.00 3.032368e-15
1385.00 2.717528e-15
1390.00 2.746879e-15
1395.00 2.512453e-15
1400.00 2.174485e-15
1405.00 1.148590e-15
1410.00 2.958755e-15
1415.00 2.094651e-15
1420.00 2.610012e-15
1425.00 3.204827e-15
1430.00 3.004203e-15
1435.00 3.324382e-15
1440.00 3.626987e-15
1445.00 4.247154e-15
1450.00 3.333205e-15
1455.00 3.033034e-15
1460.00 5.008523e-15
1465.00 4.879672e-15
1470.00 3.946525e-15
1475.00 3.838908e-15
1480.00 2.921865e-15
1485.00 4.331782e-15
1490.00 4.157030e-15
1495.00 4.065931e-15
1500.00 3.256564e-15
1505.00 2.628198e-15
1510.00 2.366069e-15
1515.00 4.077112e-15
1520.00 3.649816e-15
1525.00 3.338468e-15
1530.00 4.127757e-15
1535.00 3.882120e-15
1540.00 3.644038e-15
1545.00 3.672665e-15
1550.00 3.349555e-15
1555.00 1.670201e-15
1560.00 4.672430e-15
1565.00 2.277300e-15
1570.00 2.293620e-15
1575.00 2.472847e-15
1580.00 8.640881e-16
1585.00 3.172764e-15
1590.00 2.715156e-15
1595.00 3.477741e-15
1600.00 3.874436e-15
1605.00 2.640679e-15
1610.00 3.510354e-15
1615.00 3.081378e-15
1620.00 3.189910e-15
1625.00 2.905471e-15
1630.00 2.913403e-15
1635.00 3.140323e-15
1640.00 2.900092e-15
1645.00 2.790564e-15
1650.00 3.578077e-15
1655.00 4.336743e-15
1660.00 3.240247e-15
1665.00 2.350362e-15
1670.00 2.893007e-15
1675.00 2.992196e-15
1680.00 3.421162e-15
1685.00 3.216283e-15
1690.00 1.847367e-15
1695.00 2.815795e-15
1700.00 3.164149e-15
1705.00 3.600781e-15
1710.00 3.063022e-15
1715.00 3.573920e-15
1720.00 3.359087e-15
1725.00 2.747170e-15
1730.00 4.078978e-15
1735.00 4.044183e-15
1740.00 4.455820e-15
1745.00 4.362534e-15
1750.00 3.899579e-15
1755.00 3.506095e-15
1760.00 3.517842e-15
1765.00 3.713614e-15
1770.00 3.774488e-15
1775.00 3.982073e-15
1780.00 3.224181e-15
1785.00 3.009803e-15
1790.00 3.568204e-15
1795.00 3.370895e-15
1800.00 3.611700e-15
1805.00 3.611112e-15
1810.00 3.375567e-15
1815.00 3.915707e-15
1820.00 3.894488e-15
1825.00 3.610822e-15
1830.00 3.581520e-15
1835.00 3.365675e-15
1840.00 3.088911e-15
1845.00 3.251818e-15
1850.00 3.284027e-15
1855.00 3.303401e-15
1860.00 3.218688e-15
1865.00 2.881973e-15
1870.00 3.233233e-15
1875.00 3.687876e-15
1880.00 3.319910e-15
1885.00 3.546699e-15
1890.00 3.115910e-15
1895.00 3.510995e-15
1900.00 3.227538e-15
1905.00 4.162573e-15
1910.00 3.699491e-15
1915.00 2.716338e-15
1920.00 2.611831e-15
1925.00 2.919338e-15
1930.00 2.847040e-15
1935.00 2.838840e-15
1940.00 2.732738e-15
1945.00 3.052300e-15
1950.00 3.313992e-15
1955.00 3.520612e-15
1960.00 3.513840e-15
1965.00 3.556281e-15
1970.00 3.171033e-15
1975.00 2.762022e-15
1980.00 4.921156e-15
1985.00 3.649088e-15
1990.00 4.046680e-15
1995.00 4.074005e-15
2000.00 4.622549e-15
2005.00 4.814266e-15
2010.00 3.018003e-15
2015.00 3.651399e-15
2020.00 3.959037e-15
2025.00 4.089301e-15
2030.00 2.012830e-15
2035.00 3.703445e-15
2040.00 3.699366e-15
2045.00 3.945757e-15
2050.00 3.074074e-15
2055.00 3.714987e-15
2060.00 4.246476e-15
2065.00 3.697838e-15
2070.00 4.118675e-15
2075.00 3.735637e-15
2080.00 4.245303e-15
2085.00 4.816103e-15
2090.00 4.021460e-15
2095.00 3.382748e-15
2100.00 9.542261e-16
2105.00 3.975386e-15
2110.00 4.184055e-15
2115.00 3.269586e-15
2120.00 4.566010e-15
2125.00 4.308449e-15
2130.00 4.450667e-15
2135.00 3.387541e-15
2140.00 4.202853e-15
2145.00 2.783496e-15
2150.00 4.179338e-15
2155.00 4.282452e-15
2160.00 2.140808e-15
2165.00 2.911217e-15
2170.00 2.909573e-15
2175.00 3.983092e-15
2180.00 4.674420e-15
2185.00 4.006075e-15
2190.00 4.267651e-15
2195.00 4.495775e-15
2200.00 4.308561e-15
2205.00 4.752294e-15
2210.00 3.987195e-15
2215.00 1.932299e-15
2220.00 7.919088e-16
2225.00 3.590261e-15
2230.00 3.888253e-15
2235.00 4.281683e-15
2240.00 3.749087e-15
2245.00 4.250079e-15
2250.00 5.329187e-15
2255.00 4.962809e-15
2260.00 4.588539e-15
2265.00 4.771243e-15
2270.00 5.007005e-15
2275.00 3.877869e-15
2280.00 1.420739e-15
2285.00 3.459281e-15
2290.00 4.459672e-15
2295.00 3.943282e-15
2300.00 3.367019e-15
2305.00 4.285185e-15
2310.00 5.015764e-15
2315.00 4.364969e-15
2320.00 3.553944e-15
2325.00 4.433769e-15
2330.00 4.946290e-15
2335.00 3.142776e-15
2340.00 4.077806e-15
2345.00 3.853808e-15
2350.00 4.060477e-15
2355.00 4.096000e-15
2360.00 3.904342e-15
2365.00 3.513356e-15
2370.00 3.034314e-15
2375.00 2.689873e-15
2380.00 2.363764e-15
2385.00 2.937819e-15
2390.00 2.829117e-15
2395.00 3.365606e-15
2400.00 2.805640e-15
2405.00 2.510517e-15
2410.00 2.930726e-15
2415.00 3.681342e-15
2420.00 4.210270e-15
2425.00 4.774358e-15
2430.00 4.121337e-15
2435.00 3.980613e-15
2440.00 4.139015e-15
2445.00 4.423933e-15
2450.00 4.360672e-15
2455.00 5.294830e-15
2460.00 4.515202e-15
2465.00 3.240941e-15
2470.00 3.325957e-15
2475.00 3.624460e-15
2480.00 3.930700e-15
2485.00 3.275800e-15
2490.00 3.665422e-15
2495.00 4.015780e-15
2500.00 4.100248e-15
2505.00 4.352320e-15
2510.00 4.075546e-15
2515.00 3.438703e-15
2520.00 3.451531e-15
2525.00 3.502265e-15
2530.00 3.144407e-15
2535.00 3.426390e-15
2540.00 3.437513e-15
2545.00 3.260804e-15
2550.00 3.494667e-15
2555.00 3.923242e-15
2560.00 4.611855e-15
2565.00 4.605633e-15
2570.00 4.194774e-15
2575.00 4.297188e-15
2580.00 3.923138e-15
2585.00 3.915727e-15
2590.00 3.938380e-15
2595.00 3.530822e-15
2600.00 3.452494e-15
2605.00 3.831583e-15
2610.00 3.736916e-15
2615.00 3.864858e-15
2620.00 4.008397e-15
2625.00 4.186593e-15
2630.00 4.098653e-15
2635.00 4.543923e-15
2640.00 5.361058e-15
2645.00 5.697554e-15
2650.00 5.587388e-15
2655.00 5.424545e-15
2660.00 5.523356e-15
2665.00 5.485804e-15
2670.00 5.688259e-15
2675.00 5.900123e-15
2680.00 6.333522e-15
2685.00 5.586151e-15
2690.00 5.158969e-15
2695.00 5.388045e-15
2700.00 5.562035e-15
2705.00 5.487215e-15
2710.00 5.449746e-15
2715.00 5.021806e-15
2720.00 4.880525e-15
2725.00 4.984781e-15
2730.00 4.969655e-15
2735.00 4.990288e-15
2740.00 4.725905e-15
2745.00 4.065227e-15
2750.00 4.415021e-15
2755.00 4.631407e-15
2760.00 4.756888e-15
2765.00 4.864999e-15
2770.00 5.572209e-15
2775.00 5.823649e-15
2780.00 5.050314e-15
2785.00 4.412603e-15
2790.00 3.667478e-15
2795.00 3.190028e-15
2800.00 3.019105e-15
2805.00 3.479867e-15
2810.00 4.354127e-15
2815.00 4.951517e-15
2820.00 5.365072e-15
2825.00 5.726670e-15
2830.00 5.910266e-15
2835.00 5.769974e-15
2840.00 5.871944e-15
2845.00 5.548031e-15
2850.00 4.957073e-15
2855.00 4.868947e-15
2860.00 5.467795e-15
2865.00 6.201329e-15
2870.00 6.443141e-15
2875.00 6.260577e-15
2880.00 6.299639e-15
2885.00 6.327892e-15
2890.00 6.349462e-15
2895.00 6.721025e-15
2900.00 7.370536e-15
2905.00 7.789303e-15
2910.00 7.943722e-15
2915.00 7.873112e-15
2920.00 7.908525e-15
2925.00 7.637998e-15
2930.00 7.751618e-15
2935.00 7.881679e-15
2940.00 7.768434e-15
2945.00 7.902136e-15
2950.00 7.856980e-15
2955.00 8.336575e-15
2960.00 8.315758e-15
2965.00 8.001461e-15
2970.00 7.856114e-15
2975.00 7.969697e-15
2980.00 7.830073e-15
2985.00 7.687474e-15
2990.00 7.816229e-15
2995.00 7.643346e-15
3000.00 7.112077e-15
3005.00 7.334801e-15
3010.00 7.600403e-15
3015.00 7.572854e-15
3020.00 7.874436e-15
3025.00 8.101466e-15
3030.00 8.201350e-15
3035.00 8.027208e-15
3040.00 8.985196e-15
3045.00 8.658317e-15
3050.00 8.589404e-15
3055.00 8.518095e-15
3060.00 8.752423e-15
3065.00 9.003599e-15
3070.00 9.389454e-15
3075.00 1.002381e-14
3080.00 1.060385e-14
3085.00 9.506263e-15
3090.00 9.264292e-15
3095.00 9.535910e-15
3100.00 9.488696e-15
3105.00 1.045667e-14
3110.00 1.106120e-14
3115.00 1.130397e-14
3120.00 1.101052e-14
3125.00 1.044711e-14
3130.00 1.041021e-14
3135.00 1.079450e-14
3140.00 1.110886e-14
3145.00 1.058936e-14
3150.00 1.052342e-14
3155.00 9.765660e-15
3160.00 1.017794e-14
3165.00 1.035678e-14
3170.00 1.014484e-14
3175.00 9.993827e-15
3180.00 1.180889e-14
3185.00 9.772080e-15
3190.00 9.493517e-15
3195.00 9.108205e-15
3200.00 8.489318e-15
3205.00 1.298214e-14
3210.00 9.810796e-15
3215.00 1.025846e-14
3220.00 9.522701e-15
3225.00 8.832337e-15
3230.00 8.721442e-15
3235.00 8.916143e-15
3240.00 9.011798e-15
3245.00 8.765333e-15
3250.00 9.158030e-15
3255.00 9.375144e-15
3260.00 1.083848e-14
3265.00 1.109066e-14
3270.00 1.080672e-14
3275.00 1.030453e-14
3280.00 9.756633e-15
3285.00 1.044495e-14
3290.00 1.177771e-14
3295.00 1.251667e-14
3300.00 1.139582e-14
3305.00 1.115259e-14
3310.00 1.053702e-14
3315.00 1.156151e-14
3320.00 1.171084e-14
3325.00 1.125568e-14
3330.00 1.119337e-14
3335.00 1.097757e-14
3340.00 1.108826e-14
3345.00 1.158517e-14
3350.00 1.139041e-14
3355.00 1.087500e-14
3360.00 9.986175e-15
3365.00 1.033858e-14
3370.00 1.070274e-14
3375.00 1.109099e-14
3380.00 1.070455e-14
3385.00 1.089683e-14
3390.00 1.146602e-14
3395.00 1.223286e-14
3400.00 1.155551e-14
3405.00 1.115206e-14
3410.00 1.137149e-14
3415.00 1.150739e-14
3420.00 1.070799e-14
3425.00 1.055313e-14
3430.00 1.083003e-14
3435.00 1.066625e-14
3440.00 1.059365e-14
3445.00 1.037293e-14
3450.00 1.047990e-14
3455.00 1.125927e-14
3460.00 1.073104e-14
3465.00 1.021615e-14
3470.00 1.037272e-14
3475.00 1.039604e-14
3480.00 1.067366e-14
3485.00 1.051765e-14
3490.00 1.042639e-14
3495.00 1.056964e-14
3500.00 1.122981e-14
3505.00 1.122871e-14
3510.00 1.153225e-14
3515.00 1.154288e-14
3520.00 1.094492e-14
3525.00 1.082586e-14
3530.00 1.146974e-14
3535.00 1.170330e-14
3540.00 1.188246e-14
3545.00 1.198288e-14
3550.00 1.197149e-14
3555.00 1.182703e-14
3560.00 1.162920e-14
3565.00 1.123860e-14
3570.00 1.044608e-14
3575.00 9.994648e-15
3580.00 9.785156e-15
3585.00 9.751486e-15
3590.00 1.042512e-14
3595.00 1.083654e-14
3600.00 1.104282e-14
3605.00 1.096179e-14
3610.00 1.117329e-14
3615.00 1.156415e-14
3620.00 1.256711e-14
3625.00 1.228581e-14
3630.00 1.245128e-14
3635.00 1.245926e-14
3640.00 1.252113e-14
3645.00 1.254160e-14
3650.00 1.325230e-14
3655.00 1.354538e-14
3660.00 1.382172e-14
3665.00 1.404211e-14
3670.00 1.397886e-14
3675.00 1.375731e-14
3680.00 1.380909e-14
3685.00 1.344471e-14
3690.00 1.454152e-14
3695.00 1.491556e-14
3700.00 1.461876e-14
3705.00 1.424742e-14
3710.00 1.436579e-14
3715.00 1.554008e-14
3720.00 1.811123e-14
3725.00 2.150578e-14
3730.00 1.798754e-14
3735.00 1.414842e-14
3740.00 1.380038e-14
3745.00 1.335195e-14
3750.00 1.391002e-14
3755.00 1.471989e-14
3760.00 1.464855e-14
3765.00 1.375553e-14
3770.00 1.440615e-14
3775.00 1.700176e-14
3780.00 1.881332e-14
3785.00 1.791916e-14
3790.00 1.570081e-14
3795.00 1.491427e-14
3800.00 1.584716e-14
3805.00 1.731977e-14
3810.00 1.798630e-14
3815.00 1.741610e-14
3820.00 1.598149e-14
3825.00 1.425833e-14
3830.00 1.238105e-14
3835.00 1.241700e-14
3840.00 1.438467e-14
3845.00 1.681584e-14
3850.00 1.824481e-14
3855.00 1.907331e-14
3860.00 1.927112e-14
3865.00 1.893955e-14
3870.00 1.827687e-14
3875.00 1.733034e-14
3880.00 1.625732e-14
3885.00 1.497758e-14
3890.00 1.616220e-14
3895.00 1.762279e-14
3900.00 1.909671e-14
3905.00 2.044920e-14
3910.00 2.139175e-14
3915.00 2.142731e-14
3920.00 2.006286e-14
3925.00 1.723467e-14
3930.00 1.445594e-14
3935.00 1.477488e-14
3940.00 1.703724e-14
3945.00 1.951341e-14
3950.00 2.141353e-14
3955.00 2.027229e-14
3960.00 1.657420e-14
3965.00 1.295130e-14
3970.00 1.327762e-14
3975.00 1.736466e-14
3980.00 2.158244e-14
3985.00 2.433843e-14
3990.00 2.578379e-14
3995.00 2.649154e-14
4000.00 2.686600e-14
4005.00 2.722323e-14
4010.00 2.790244e-14
4015.00 2.820366e-14
4020.00 2.770392e-14
4025.00 2.701383e-14
4030.00 2.663644e-14
4035.00 2.664515e-14
4040.00 2.703395e-14
4045.00 2.714838e-14
4050.00 2.704747e-14
4055.00 2.649866e-14
4060.00 2.644082e-14
4065.00 2.612578e-14
4070.00 2.587366e-14
4075.00 2.581825e-14
4080.00 2.645137e-14
4085.00 2.672273e-14
4090.00 2.525731e-14
4095.00 2.287910e-14
4100.00 2.110382e-14
4105.00 2.243993e-14
4110.00 2.453876e-14
4115.00 2.577038e-14
4120.00 2.608074e-14
4125.00 2.534670e-14
4130.00 2.542382e-14
4135.00 2.620045e-14
4140.00 2.612663e-14
4145.00 2.581668e-14
4150.00 2.610502e-14
4155.00 2.630237e-14
4160.00 2.680482e-14
4165.00 2.716712e-14
4170.00 2.648409e-14
4175.00 2.583817e-14
4180.00 2.606714e-14
4185.00 2.678496e-14
4190.00 2.697855e-14
4195.00 2.681355e-14
4200.00 2.706696e-14
4205.00 2.763355e-14
4210.00 2.831042e-14
4215.00 2.844835e-14
4220.00 2.790353e-14
4225.00 2.645040e-14
4230.00 2.743572e-14
4235.00 2.812888e-14
4240.00 2.861066e-14
4245.00 2.822471e-14
4250.00 2.762317e-14
4255.00 2.754427e-14
4260.00 2.864354e-14
4265.00 2.854800e-14
4270.00 2.764137e-14
4275.00 2.770807e-14
4280.00 2.770650e-14
4285.00 2.724655e-14
4290.00 2.690930e-14
4295.00 2.649340e-14
4300.00 2.545866e-14
4305.00 2.489185e-14
4310.00 2.637929e-14
4315.00 2.863262e-14
4320.00 2.942240e-14
4325.00 2.922064e-14
4330.00 2.866714e-14
4335.00 2.748434e-14
4340.00 2.653785e-14
4345.00 2.651849e-14
4350.00 2.728314e-14
4355.00 2.883571e-14
4360.00 3.057629e-14
4365.00 3.124808e-14
4370.00 3.064161e-14
4375.00 2.953873e-14
4380.00 2.848256e-14
4385.00 2.753703e-14
4390.00 2.831575e-14
4395.00 2.948541e-14
4400.00 2.921729e-14
4405.00 2.893413e-14
4410.00 2.899849e-14
4415.00 2.981159e-14
4420.00 3.105532e-14
4425.00 3.146890e-14
4430.00 3.094368e-14
4435.00 3.033648e-14
4440.00 3.022160e-14
4445.00 3.057555e-14
4450.00 3.051522e-14
4455.00 2.970979e-14
4460.00 2.903987e-14
4465.00 2.920272e-14
4470.00 3.030854e-14
4475.00 3.187473e-14
4480.00 3.221747e-14
4485.00 3.216196e-14
4490.00 3.242305e-14
4495.00 3.299058e-14
4500.00 3.336038e-14
4505.00 3.418901e-14
4510.00 3.403588e-14
4515.00 3.317174e-14
4520.00 3.213734e-14
4525.00 3.118945e-14
4530.00 3.085768e-14
4535.00 3.149753e-14
4540.00 3.228937e-14
4545.00 3.178935e-14
4550.00 3.078043e-14
4555.00 3.143469e-14
4560.00 3.287924e-14
4565.00 3.356266e-14
4570.00 3.392782e-14
4575.00 3.373639e-14
4580.00 3.320175e-14
4585.00 3.286601e-14
4590.00 3.325843e-14
4595.00 3.414154e-14
4600.00 3.413776e-14
4605.00 3.430255e-14
4610.00 3.518152e-14
4615.00 3.531465e-14
4620.00 3.594093e-14
4625.00 3.607106e-14
4630.00 3.549048e-14
4635.00 3.452664e-14
4640.00 3.357843e-14
4645.00 3.305121e-14
4650.00 3.331888e-14
4655.00 3.408122e-14
4660.00 3.356197e-14
4665.00 3.229720e-14
4670.00 3.219542e-14
4675.00 3.290453e-14
4680.00 3.322876e-14
4685.00 3.315422e-14
4690.00 3.284133e-14
4695.00 3.207174e-14
4700.00 3.138118e-14
4705.00 3.100122e-14
4710.00 3.206710e-14
4715.00 3.346430e-14
4720.00 3.391913e-14
4725.00 3.347494e-14
4730.00 3.299404e-14
4735.00 3.322904e-14
4740.00 3.422848e-14
4745.00 3.538545e-14
4750.00 3.483180e-14
4755.00 3.432037e-14
4760.00 3.339463e-14
4765.00 3.338874e-14
4770.00 3.384323e-14
4775.00 3.404409e-14
4780.00 3.396758e-14
4785.00 3.377319e-14
4790.00 3.359346e-14
4795.00 3.448867e-14
4800.00 3.470025e-14
4805.00 3.459829e-14
4810.00 3.496894e-14
4815.00 3.540979e-14
4820.00 3.476717e-14
4825.00 3.406924e-14
4830.00 3.395372e-14
4835.00 3.371242e-14
4840.00 3.356364e-14
4845.00 3.301886e-14
4850.00 3.198218e-14
4855.00 3.082908e-14
4860.00 2.994232e-14
4865.00 2.921617e-14
4870.00 2.977724e-14
4875.00 3.148722e-14
4880.00 3.260911e-14
4885.00 3.255363e-14
4890.00 3.226237e-14
4895.00 3.342839e-14
4900.00 3.393573e-14
4905.00 3.355315e-14
4910.00 3.314302e-14
4915.00 3.252234e-14
4920.00 3.218108e-14
4925.00 3.291556e-14
4930.00 3.424709e-14
4935.00 3.323476e-14
4940.00 3.352627e-14
4945.00 3.466140e-14
4950.00 3.554767e-14
4955.00 3.544993e-14
4960.00 3.449466e-14
4965.00 3.247018e-14
4970.00 3.193421e-14
4975.00 3.194068e-14
4980.00 3.303832e-14
4985.00 3.500394e-14
4990.00 3.645138e-14
4995.00 3.520269e-14
5000.00 3.508680e-14
5005.00 3.478434e-14
5010.00 3.324520e-14
5015.00 3.116263e-14
5020.00 3.039829e-14
5025.00 3.161160e-14
5030.00 3.297115e-14
5035.00 3.307710e-14
5040.00 3.264871e-14
5045.00 3.241355e-14
5050.00 3.273976e-14
5055.00 3.365241e-14
5060.00 3.437583e-14
5065.00 3.449532e-14
5070.00 3.395394e-14
5075.00 3.312833e-14
5080.00 3.283204e-14
5085.00 3.311773e-14
5090.00 3.356937e-14
5095.00 3.381125e-14
5100.00 3.378493e-14
5105.00 3.365612e-14
5110.00 3.386783e-14
5115.00 3.415674e-14
5120.00 3.421168e-14
5125.00 3.397560e-14
5130.00 3.353214e-14
5135.00 3.310440e-14
5140.00 3.340759e-14
5145.00 3.304766e-14
5150.00 3.270875e-14
5155.00 3.255095e-14
5160.00 3.228668e-14
5165.00 3.047153e-14
5170.00 2.945173e-14
5175.00 2.968608e-14
5180.00 3.052169e-14
5185.00 3.122257e-14
5190.00 3.224415e-14
5195.00 3.322826e-14
5200.00 3.342482e-14
5205.00 3.328280e-14
5210.00 3.343269e-14
5215.00 3.442161e-14
5220.00 3.377307e-14
5225.00 3.355350e-14
5230.00 3.401573e-14
5235.00 3.503392e-14
5240.00 3.615652e-14
5245.00 3.520315e-14
5250.00 3.457247e-14
5255.00 3.418566e-14
5260.00 3.360689e-14
5265.00 3.251939e-14
5270.00 3.245276e-14
5275.00 3.343773e-14
5280.00 3.495771e-14
5285.00 3.627826e-14
5290.00 3.638034e-14
5295.00 3.579607e-14
5300.00 3.567246e-14
5305.00 3.620395e-14
5310.00 3.706226e-14
5315.00 3.624064e-14
5320.00 3.549557e-14
5325.00 3.516647e-14
5330.00 3.538875e-14
5335.00 3.600355e-14
5340.00 3.644349e-14
5345.00 3.674051e-14
5350.00 3.733534e-14
5355.00 3.856239e-14
5360.00 3.833329e-14
5365.00 3.759767e-14
5370.00 3.696160e-14
5375.00 3.670008e-14
5380.00 3.690163e-14
5385.00 3.625632e-14
5390.00 3.543956e-14
5395.00 3.457970e-14
5400.00 3.379220e-14
5405.00 3.401120e-14
5410.00 3.485141e-14
5415.00 3.567614e-14
5420.00 3.613286e-14
5425.00 3.604569e-14
5430.00 3.591830e-14
5435.00 3.620370e-14
5440.00 3.644088e-14
5445.00 3.558195e-14
5450.00 3.558447e-14
5455.00 3.567746e-14
5460.00 3.594601e-14
5465.00 3.648065e-14
5470.00 3.639855e-14
5475.00 3.630085e-14
5480.00 3.636509e-14
5485.00 3.667462e-14
5490.00 3.704740e-14
5495.00 3.739218e-14
5500.00 3.773110e-14
5505.00 3.780422e-14
5510.00 3.639298e-14
5515.00 3.608510e-14
5520.00 3.596284e-14
5525.00 3.592585e-14
5530.00 3.638662e-14
5535.00 3.643093e-14
5540.00 3.637464e-14
5545.00 3.655303e-14
5550.00 3.769959e-14
5555.00 3.846256e-14
5560.00 3.849308e-14
5565.00 3.791145e-14
5570.00 3.709634e-14
5575.00 3.809642e-14
5580.00 3.788949e-14
5585.00 3.668438e-14
5590.00 3.596218e-14
5595.00 3.629256e-14
5600.00 3.676777e-14
5605.00 3.715264e-14
5610.00 3.716461e-14
5615.00 3.639692e-14
5620.00 3.618692e-14
5625.00 3.665496e-14
5630.00 3.726108e-14
5635.00 3.699090e-14
5640.00 3.673665e-14
5645.00 3.678074e-14
5650.00 3.729548e-14
5655.00 3.727963e-14
5660.00 3.735186e-14
5665.00 3.776882e-14
5670.00 3.799988e-14
5675.00 3.812708e-14
5680.00 3.840193e-14
5685.00 3.905052e-14
5690.00 3.899496e-14
5695.00 3.879225e-14
5700.00 3.838036e-14
5705.00 3.759155e-14
5710.00 3.754027e-14
5715.00 3.862715e-14
5720.00 4.050010e-14
5725.00 4.137829e-14
5730.00 4.145222e-14
5735.00 4.099508e-14
5740.00 4.012245e-14
5745.00 3.996712e-14
5750.00 3.968307e-14
5755.00 3.924023e-14
5760.00 3.856255e-14
5765.00 3.922082e-14
5770.00 3.922354e-14
5775.00 3.842090e-14
5780.00 3.714987e-14
5785.00 3.681706e-14
5790.00 3.748129e-14
5795.00 3.932337e-14
5800.00 3.947882e-14
5805.00 3.930015e-14
5810.00 3.904632e-14
5815.00 3.930440e-14
5820.00 3.965706e-14
5825.00 4.008523e-14
5830.00 4.057306e-14
5835.00 4.044959e-14
5840.00 4.046186e-14
5845.00 4.021732e-14
5850.00 3.882789e-14
5855.00 3.872543e-14
5860.00 3.888190e-14
5865.00 3.903144e-14
5870.00 3.944468e-14
5875.00 3.881063e-14
5880.00 3.699982e-14
5885.00 3.319644e-14
5890.00 3.148454e-14
5895.00 3.164283e-14
5900.00 3.390746e-14
5905.00 3.719022e-14
5910.00 3.862248e-14
5915.00 3.861290e-14
5920.00 3.864135e-14
5925.00 3.900348e-14
5930.00 3.900276e-14
5935.00 3.793111e-14
5940.00 3.826108e-14
5945.00 3.847404e-14
5950.00 3.837136e-14
5955.00 3.851771e-14
5960.00 3.845094e-14
5965.00 3.833836e-14
5970.00 3.858576e-14
5975.00 3.852173e-14
5980.00 3.839895e-14
5985.00 3.835395e-14
5990.00 3.888111e-14
5995.00 3.927017e-14
6000.00 3.941160e-14
6005.00 3.905306e-14
6010.00 3.889635e-14
6015.00 3.880859e-14
6020.00 3.832118e-14
6025.00 3.904655e-14
6030.00 4.009542e-14
6035.00 4.067235e-14
6040.00 4.074350e-14
6045.00 4.056901e-14
6050.00 4.016870e-14
6055.00 4.073196e-14
6060.00 4.084554e-14
6065.00 4.040986e-14
6070.00 4.091045e-14
6075.00 4.114834e-14
6080.00 4.109706e-14
6085.00 4.034497e-14
6090.00 4.033705e-14
6095.00 4.055511e-14
6100.00 4.015738e-14
6105.00 4.016697e-14
6110.00 4.024625e-14
6115.00 4.013977e-14
6120.00 4.066097e-14
6125.00 4.118162e-14
6130.00 4.143960e-14
6135.00 4.030899e-14
6140.00 3.964890e-14
6145.00 3.991859e-14
6150.00 3.997609e-14
6155.00 3.961454e-14
6160.00 3.879473e-14
6165.00 3.747517e-14
6170.00 3.742882e-14
6175.00 3.856219e-14
6180.00 3.970460e-14
6185.00 4.023957e-14
6190.00 4.022062e-14
6195.00 3.926683e-14
6200.00 3.833693e-14
6205.00 3.738347e-14
6210.00 3.611290e-14
6215.00 3.657757e-14
6220.00 3.807343e-14
6225.00 3.952713e-14
6230.00 3.895618e-14
6235.00 3.743207e-14
6240.00 3.675503e-14
6245.00 3.622997e-14
6250.00 3.601641e-14
6255.00 3.699062e-14
6260.00 3.797637e-14
6265.00 3.887996e-14
6270.00 3.934894e-14
6275.00 3.936638e-14
6280.00 3.914270e-14
6285.00 3.883881e-14
6290.00 3.908550e-14
6295.00 3.952421e-14
6300.00 3.944369e-14
6305.00 3.907483e-14
6310.00 3.878686e-14
6315.00 4.005611e-14
6320.00 3.993480e-14
6325.00 3.902034e-14
6330.00 3.855123e-14
6335.00 3.782533e-14
6340.00 3.702019e-14
6345.00 3.741706e-14
6350.00 3.744725e-14
6355.00 3.719952e-14
6360.00 3.738755e-14
6365.00 3.717035e-14
6370.00 3.656697e-14
6375.00 3.578903e-14
6380.00 3.544894e-14
6385.00 3.562432e-14
6390.00 3.745425e-14
6395.00 3.878329e-14
6400.00 3.918964e-14
6405.00 3.777912e-14
6410.00 3.653155e-14
6415.00 3.613749e-14
6420.00 3.603237e-14
6425.00 3.617237e-14
6430.00 3.679688e-14
6435.00 3.689475e-14
6440.00 3.683965e-14
6445.00 3.699787e-14
6450.00 3.687983e-14
6455.00 3.667545e-14
6460.00 3.713486e-14
6465.00 3.742843e-14
6470.00 3.758537e-14
6475.00 3.828272e-14
6480.00 3.872412e-14
6485.00 3.885115e-14
6490.00 3.829867e-14
6495.00 3.828246e-14
6500.00 3.944576e-14
6505.00 4.003738e-14
6510.00 4.036569e-14
6515.00 4.033241e-14
6520.00 4.039949e-14
6525.00 4.054793e-14
6530.00 4.096297e-14
6535.00 4.185008e-14
6540.00 4.313327e-14
6545.00 4.208825e-14
6550.00 4.227028e-14
6555.00 4.428946e-14
6560.00 4.273740e-14
6565.00 4.170614e-14
6570.00 4.389154e-14
6575.00 4.623226e-14
6580.00 4.777726e-14
6585.00 4.314434e-14
6590.00 4.045975e-14
6595.00 3.939349e-14
6600.00 3.942075e-14
6605.00 3.952023e-14
6610.00 3.967582e-14
6615.00 3.955822e-14
6620.00 3.929944e-14
6625.00 3.877594e-14
6630.00 3.850987e-14
6635.00 3.840653e-14
6640.00 3.860042e-14
6645.00 3.857715e-14
6650.00 3.829612e-14
6655.00 3.814128e-14
6660.00 3.800908e-14
6665.00 3.788432e-14
6670.00 3.793204e-14
6675.00 3.805198e-14
6680.00 3.804838e-14
6685.00 3.801092e-14
6690.00 3.793646e-14
6695.00 3.817843e-14
6700.00 3.863963e-14
6705.00 3.956663e-14
6710.00 3.980735e-14
6715.00 3.973915e-14
6720.00 4.014484e-14
6725.00 3.994021e-14
6730.00 3.899505e-14
6735.00 3.813798e-14
6740.00 3.752531e-14
6745.00 3.768208e-14
6750.00 3.786822e-14
6755.00 3.807276e-14
6760.00 3.797774e-14
6765.00 3.801345e-14
6770.00 3.826686e-14
6775.00 3.810752e-14
6780.00 3.786991e-14
6785.00 3.798172e-14
6790.00 3.809893e-14
6795.00 3.822134e-14
6800.00 3.835091e-14
6805.00 3.844988e-14
6810.00 3.845677e-14
6815.00 3.858696e-14
6820.00 3.879115e-14
6825.00 3.822391e-14
6830.00 3.790545e-14
6835.00 3.804595e-14
6840.00 3.807035e-14
6845.00 3.805244e-14
6850.00 3.806263e-14
6855.00 3.828860e-14
6860.00 3.878626e-14
6865.00 3.849001e-14
6870.00 3.811892e-14
6875.00 3.841535e-14
6880.00 3.865505e-14
6885.00 3.884022e-14
6890.00 3.894974e-14
6895.00 3.903951e-14
6900.00 3.910087e-14
6905.00 3.897066e-14
6910.00 3.868981e-14
6915.00 3.867167e-14
6920.00 3.867471e-14
6925.00 3.865904e-14
6930.00 3.876242e-14
6935.00 3.894795e-14
6940.00 3.912363e-14
6945.00 3.923631e-14
6950.00 3.918073e-14
6955.00 3.919256e-14
6960.00 3.924818e-14
6965.00 3.906628e-14
6970.00 3.895127e-14
6975.00 3.905629e-14
6980.00 3.922542e-14
6985.00 3.943681e-14
6990.00 3.928029e-14
6995.00 3.914023e-14
7000.00 3.912766e-14
7005.00 3.908765e-14
7010.00 3.902779e-14
7015.00 3.902339e-14
7020.00 3.905661e-14
7025.00 3.920033e-14
7030.00 3.945619e-14
7035.00 3.980717e-14
7040.00 3.981616e-14
7045.00 3.960912e-14
7050.00 3.862908e-14
7055.00 3.794270e-14
7060.00 3.757098e-14
7065.00 3.748246e-14
7070.00 3.744432e-14
7075.00 3.718633e-14
7080.00 3.680251e-14
7085.00 3.623457e-14
7090.00 3.594214e-14
7095.00 3.576434e-14
7100.00 3.571466e-14
7105.00 3.564791e-14
7110.00 3.554317e-14
7115.00 3.531009e-14
7120.00 3.499462e-14
7125.00 3.500171e-14
7130.00 3.504858e-14
7135.00 3.511815e-14
7140.00 3.519541e-14
7145.00 3.528066e-14
7150.00 3.540793e-14
7155.00 3.555816e-14
7160.00 3.586475e-14
7165.00 3.611307e-14
7170.00 3.625478e-14
7175.00 3.595499e-14
7180.00 3.540316e-14
7185.00 3.525501e-14
7190.00 3.519244e-14
7195.00 3.532961e-14
7200.00 3.555697e-14
7205.00 3.588437e-14
7210.00 3.606734e-14
7215.00 3.620604e-14
7220.00 3.653454e-14
7225.00 3.684137e-14
7230.00 3.709655e-14
7235.00 3.710727e-14
7240.00 3.692786e-14
7245.00 3.687361e-14
7250.00 3.690915e-14
7255.00 3.755998e-14
7260.00 3.780879e-14
7265.00 3.733295e-14
7270.00 3.705309e-14
7275.00 3.689466e-14
7280.00 3.690229e-14
7285.00 3.693145e-14
7290.00 3.694804e-14
7295.00 3.710707e-14
7300.00 3.749193e-14
7305.00 3.778335e-14
7310.00 3.802175e-14
7315.00 3.804830e-14
7320.00 3.807778e-14
7325.00 3.829148e-14
7330.00 3.850160e-14
7335.00 3.870614e-14
7340.00 3.850173e-14
7345.00 3.805411e-14
7350.00 3.814310e-14
7355.00 3.834237e-14
7360.00 3.878232e-14
7365.00 3.921342e-14
7370.00 3.962831e-14
7375.00 3.950034e-14
7380.00 3.898195e-14
7385.00 3.898978e-14
7390.00 3.911030e-14
7395.00 3.909231e-14
7400.00 3.900902e-14
7405.00 3.875427e-14
7410.00 3.862619e-14
7415.00 3.862351e-14
7420.00 3.892210e-14
7425.00 3.933333e-14
7430.00 3.939103e-14
7435.00 3.940499e-14
7440.00 3.929703e-14
7445.00 3.925904e-14
7450.00 3.933075e-14
7455.00 3.938619e-14
7460.00 3.943104e-14
7465.00 3.936278e-14
7470.00 3.928228e-14
7475.00 3.957833e-14
7480.00 3.975222e-14
7485.00 3.954368e-14
7490.00 3.949498e-14
7495.00 3.964164e-14
7500.00 3.993292e-14
7505.00 4.029991e-14
7510.00 4.039116e-14
7515.00 4.042486e-14
7520.00 4.026877e-14
7525.00 4.025119e-14
7530.00 4.063010e-14
7535.00 4.083926e-14
7540.00 4.084680e-14
7545.00 4.089155e-14
7550.00 4.095620e-14
7555.00 4.110431e-14
7560.00 4.126155e-14
7565.00 4.124303e-14
7570.00 4.100175e-14
7575.00 3.998169e-14
7580.00 3.927055e-14
7585.00 3.900506e-14
7590.00 3.890002e-14
7595.00 3.890496e-14
7600.00 3.857844e-14
7605.00 3.815576e-14
7610.00 3.813369e-14
7615.00 3.818175e-14
7620.00 3.856478e-14
7625.00 3.882308e-14
7630.00 3.880134e-14
7635.00 3.858063e-14
7640.00 3.814544e-14
7645.00 3.761930e-14
7650.00 3.704483e-14
7655.00 3.665190e-14
7660.00 3.629910e-14
7665.00 3.675980e-14
7670.00 3.718935e-14
7675.00 3.738660e-14
7680.00 3.747532e-14
7685.00 3.732640e-14
7690.00 3.722301e-14
7695.00 3.717019e-14
7700.00 3.708938e-14
7705.00 3.699228e-14
7710.00 3.693044e-14
7715.00 3.687818e-14
7720.00 3.739259e-14
7725.00 3.789205e-14
7730.00 3.788530e-14
7735.00 3.778631e-14
7740.00 3.739571e-14
7745.00 3.727417e-14
7750.00 3.757789e-14
7755.00 3.783707e-14
7760.00 3.805682e-14
7765.00 3.803965e-14
7770.00 3.790776e-14
7775.00 3.778091e-14
7780.00 3.765533e-14
7785.00 3.759951e-14
7790.00 3.755682e-14
7795.00 3.761381e-14
7800.00 3.776955e-14
7805.00 3.827662e-14
7810.00 3.862888e-14
7815.00 3.869532e-14
7820.00 3.855508e-14
7825.00 3.819103e-14
7830.00 3.790329e-14
7835.00 3.766509e-14
7840.00 3.770209e-14
7845.00 3.784051e-14
7850.00 3.789243e-14
7855.00 3.792937e-14
7860.00 3.780968e-14
7865.00 3.767772e-14
7870.00 3.746532e-14
7875.00 3.733382e-14
7880.00 3.751447e-14
7885.00 3.753711e-14
7890.00 3.722262e-14
7895.00 3.694633e-14
7900.00 3.672053e-14
7905.00 3.649021e-14
7910.00 3.625607e-14
7915.00 3.609163e-14
7920.00 3.596555e-14
7925.00 3.575185e-14
7930.00 3.550892e-14
7935.00 3.538205e-14
7940.00 3.527567e-14
7945.00 3.592020e-14
7950.00 3.658555e-14
7955.00 3.689676e-14
7960.00 3.714919e-14
7965.00 3.704582e-14
7970.00 3.704895e-14
7975.00 3.740007e-14
7980.00 3.767046e-14
7985.00 3.777346e-14
7990.00 3.769268e-14
7995.00 3.735103e-14
8000.00 3.726650e-14
8005.00 3.744062e-14
8010.00 3.764654e-14
8015.00 3.787518e-14
8020.00 3.787185e-14
8025.00 3.775095e-14
8030.00 3.779950e-14
8035.00 3.790674e-14
8040.00 3.796355e-14
8045.00 3.800913e-14
8050.00 3.806875e-14
8055.00 3.813001e-14
8060.00 3.808428e-14
8065.00 3.803681e-14
8070.00 3.804654e-14
8075.00 3.802064e-14
8080.00 3.768309e-14
8085.00 3.739883e-14
8090.00 3.737868e-14
8095.00 3.737003e-14
8100.00 3.739971e-14
8105.00 3.752327e-14
8110.00 3.787586e-14
8115.00 3.825428e-14
8120.00 3.868120e-14
8125.00 3.894221e-14
8130.00 3.895909e-14
8135.00 3.900306e-14
8140.00 3.907908e-14
8145.00 3.931966e-14
8150.00 3.971866e-14
8155.00 3.997449e-14
8160.00 4.011708e-14
8165.00 4.013185e-14
8170.00 4.006286e-14
8175.00 3.973609e-14
8180.00 3.926975e-14
8185.00 3.892900e-14
8190.00 3.864479e-14
8195.00 3.815745e-14
8200.00 3.759510e-14
8205.00 3.782842e-14
8210.00 3.830282e-14
8215.00 3.882187e-14
8220.00 3.935150e-14
8225.00 3.970049e-14
8230.00 4.001293e-14
8235.00 3.964826e-14
8240.00 3.917675e-14
8245.00 3.905991e-14
8250.00 3.898659e-14
8255.00 3.924485e-14
8260.00 3.953341e-14
8265.00 3.788687e-14
8270.00 3.611600e-14
8275.00 3.564446e-14
8280.00 3.522839e-14
8285.00 3.508620e-14
8290.00 3.495040e-14
8295.00 3.460606e-14
8300.00 3.426418e-14
8305.00 3.447097e-14
8310.00 3.467391e-14
8315.00 3.467797e-14
8320.00 3.467675e-14
8325.00 3.448271e-14
8330.00 3.430161e-14
8335.00 3.450242e-14
8340.00 3.470777e-14
8345.00 3.504014e-14
8350.00 3.535650e-14
8355.00 3.527879e-14
8360.00 3.519982e-14
8365.00 3.508612e-14
8370.00 3.497126e-14
8375.00 3.482001e-14
8380.00 3.467771e-14
8385.00 3.484090e-14
8390.00 3.500654e-14
8395.00 3.530239e-14
8400.00 3.559517e-14
8405.00 3.561457e-14
8410.00 3.563395e-14
8415.00 3.541990e-14
8420.00 3.520541e-14
8425.00 3.498750e-14
8430.00 3.476976e-14
8435.00 3.436176e-14
8440.00 3.394703e-14
8445.00 3.418941e-14
8450.00 3.447076e-14
8455.00 3.442299e-14
8460.00 3.434715e-14
8465.00 3.441749e-14
8470.00 3.450478e-14
8475.00 3.453130e-14
8480.00 3.454852e-14
8485.00 3.409352e-14
8490.00 3.354763e-14
8495.00 3.319690e-14
8500.00 3.289348e-14
8505.00 3.312975e-14
8510.00 3.352575e-14
8515.00 3.357845e-14
8520.00 3.350642e-14
8525.00 3.304130e-14
8530.00 3.240327e-14
8535.00 3.151402e-14
8540.00 3.049140e-14
8545.00 3.084400e-14
8550.00 3.208225e-14
8555.00 3.324862e-14
8560.00 3.435832e-14
8565.00 3.501638e-14
8570.00 3.524285e-14
8575.00 3.540286e-14
8580.00 3.548476e-14
8585.00 3.545688e-14
8590.00 3.526804e-14
8595.00 3.516794e-14
8600.00 3.523398e-14
8605.00 3.536200e-14
8610.00 3.564272e-14
8615.00 3.592065e-14
8620.00 3.618989e-14
8625.00 3.641266e-14
8630.00 3.639885e-14
8635.00 3.635083e-14
8640.00 3.598407e-14
8645.00 3.558688e-14
8650.00 3.407721e-14
8655.00 3.256928e-14
8660.00 3.231244e-14
8665.00 3.211409e-14
8670.00 3.297520e-14
8675.00 3.397743e-14
8680.00 3.461693e-14
8685.00 3.516832e-14
8690.00 3.562163e-14
8695.00 3.603760e-14
8700.00 3.624610e-14
8705.00 3.634018e-14
8710.00 3.649592e-14
8715.00 3.669989e-14
8720.00 3.671896e-14
8725.00 3.653254e-14
8730.00 3.641189e-14
8735.00 3.639672e-14
8740.00 3.635612e-14
8745.00 3.625393e-14
8750.00 3.621907e-14
8755.00 3.645597e-14
8760.00 3.666954e-14
8765.00 3.667998e-14
8770.00 3.669112e-14
8775.00 3.702963e-14
8780.00 3.736776e-14
8785.00 3.730201e-14
8790.00 3.719193e-14
8795.00 3.685034e-14
8800.00 3.645015e-14
8805.00 3.649239e-14
8810.00 3.673264e-14
8815.00 3.694762e-14
8820.00 3.714439e-14
8825.00 3.734543e-14
8830.00 3.755131e-14
8835.00 3.765037e-14
8840.00 3.755583e-14
8845.00 3.737446e-14
8850.00 3.691622e-14
8855.00 3.645317e-14
8860.00 3.595152e-14
8865.00 3.545043e-14
8870.00 3.526574e-14
8875.00 3.508220e-14
8880.00 3.543851e-14
8885.00 3.587298e-14
8890.00 3.622378e-14
8895.00 3.654592e-14
8900.00 3.657562e-14
8905.00 3.642407e-14
8910.00 3.635765e-14
8915.00 3.638175e-14
8920.00 3.643685e-14
8925.00 3.654951e-14
8930.00 3.664767e-14
8935.00 3.669277e-14
8940.00 3.674025e-14
8945.00 3.681851e-14
8950.00 3.689667e-14
8955.00 3.715287e-14
8960.00 3.742185e-14
8965.00 3.724738e-14
8970.00 3.695248e-14
8975.00 3.691411e-14
8980.00 3.702053e-14
8985.00 3.696360e-14
8990.00 3.673630e-14
8995.00 3.661753e-14
9000.00 3.671186e-14
9005.00 3.667226e-14
9010.00 3.602366e-14
9015.00 3.539280e-14
9020.00 3.550348e-14
9025.00 3.561404e-14
9030.00 3.633550e-14
9035.00 3.715351e-14
9040.00 3.765123e-14
9045.00 3.801145e-14
9050.00 3.814258e-14
9055.00 3.807379e-14
9060.00 3.816191e-14
9065.00 3.852164e-14
9070.00 3.869538e-14
9075.00 3.810565e-14
9080.00 3.751750e-14
9085.00 3.697051e-14
9090.00 3.642413e-14
9095.00 3.679609e-14
9100.00 3.733472e-14
9105.00 3.728131e-14
9110.00 3.693362e-14
9115.00 3.692346e-14
9120.00 3.726867e-14
9125.00 3.743164e-14
9130.00 3.717697e-14
9135.00 3.694183e-14
9140.00 3.685201e-14
9145.00 3.676229e-14
9150.00 3.647499e-14
9155.00 3.617257e-14
9160.00 3.588123e-14
9165.00 3.559406e-14
9170.00 3.543475e-14
9175.00 3.538318e-14
9180.00 3.543141e-14
9185.00 3.566832e-14
9190.00 3.582651e-14
9195.00 3.552404e-14
9200.00 3.522189e-14
9205.00 3.449631e-14
9210.00 3.374627e-14
9215.00 3.359630e-14
9220.00 3.365775e-14
9225.00 3.365637e-14
9230.00 3.359988e-14
9235.00 3.354150e-14
9240.00 3.347906e-14
9245.00 3.343250e-14
9250.00 3.351664e-14
9255.00 3.360070e-14
9260.00 3.422612e-14
9265.00 3.491574e-14
9270.00 3.520132e-14
9275.00 3.529271e-14
9280.00 3.514523e-14
9285.00 3.471193e-14
9290.00 3.453480e-14
9295.00 3.520926e-14
9300.00 3.588052e-14
9305.00 3.608203e-14
9310.00 3.628335e-14
9315.00 3.596637e-14
9320.00 3.550094e-14
9325.00 3.542041e-14
9330.00 3.565958e-14
9335.00 3.564087e-14
9340.00 3.505211e-14
9345.00 3.448516e-14
9350.00 3.418080e-14
9355.00 3.387677e-14
9360.00 3.394522e-14
9365.00 3.408670e-14
9370.00 3.420254e-14
9375.00 3.430086e-14
9380.00 3.424487e-14
9385.00 3.390071e-14
9390.00 3.360274e-14
9395.00 3.371099e-14
9400.00 3.381913e-14
9405.00 3.329402e-14
9410.00 3.265915e-14
9415.00 3.281940e-14
9420.00 3.351055e-14
9425.00 3.382601e-14
9430.00 3.342318e-14
9435.00 3.307052e-14
9440.00 3.325357e-14
9445.00 3.343642e-14
9450.00 3.352901e-14
9455.00 3.360234e-14
9460.00 3.379525e-14
9465.00 3.408150e-14
9470.00 3.435715e-14
9475.00 3.460796e-14
9480.00 3.484590e-14
9485.00 3.459972e-14
9490.00 3.435381e-14
9495.00 3.436784e-14
9500.00 3.446658e-14
9505.00 3.465077e-14
9510.00 3.492785e-14
9515.00 3.521967e-14
9520.00 3.557059e-14
9525.00 3.592113e-14
9530.00 3.567280e-14
9535.00 3.537349e-14
9540.00 3.494001e-14
9545.00 3.443095e-14
9550.00 3.420415e-14
9555.00 3.449249e-14
9560.00 3.474642e-14
9565.00 3.451603e-14
9570.00 3.428589e-14
9575.00 3.444242e-14
9580.00 3.471140e-14
9585.00 3.478237e-14
9590.00 3.463990e-14
9595.00 3.464776e-14
9600.00 3.531794e-14
9605.00 3.598742e-14
9610.00 3.541406e-14
9615.00 3.468145e-14
9620.00 3.463771e-14
9625.00 3.508321e-14
9630.00 3.531856e-14
9635.00 3.501189e-14
9640.00 3.470553e-14
9645.00 3.475971e-14
9650.00 3.482424e-14
9655.00 3.486553e-14
9660.00 3.489494e-14
9665.00 3.494251e-14
9670.00 3.502391e-14
9675.00 3.509772e-14
9680.00 3.495163e-14
9685.00 3.480569e-14
9690.00 3.482480e-14
9695.00 3.490962e-14
9700.00 3.498449e-14
9705.00 3.504409e-14
9710.00 3.508866e-14
9715.00 3.493458e-14
9720.00 3.478065e-14
9725.00 3.452161e-14
9730.00 3.422636e-14
9735.00 3.413144e-14
9740.00 3.432043e-14
9745.00 3.447859e-14
9750.00 3.428946e-14
9755.00 3.410051e-14
9760.00 3.417123e-14
9765.00 3.433005e-14
9770.00 3.452665e-14
9775.00 3.477823e-14
9780.00 3.502849e-14
9785.00 3.526380e-14
9790.00 3.549888e-14
9795.00 3.535126e-14
9800.00 3.505779e-14
9805.00 3.498110e-14
9810.00 3.526271e-14
9815.00 3.552987e-14
9820.00 3.529996e-14
9825.00 3.507029e-14
9830.00 3.496255e-14
9835.00 3.491354e-14
9840.00 3.494884e-14
9845.00 3.516281e-14
9850.00 3.537655e-14
9855.00 3.542575e-14
9860.00 3.546857e-14
9865.00 3.524873e-14
9870.00 3.485610e-14
9875.00 3.462376e-14
9880.00 3.490142e-14
9885.00 3.517878e-14
9890.00 3.498191e-14
9895.00 3.471622e-14
9900.00 3.481331e-14
9905.00 3.526675e-14
9910.00 3.569381e-14
9915.00 3.595098e-14
9920.00 3.620790e-14
9925.00 3.571868e-14
9930.00 3.499092e-14
9935.00 2.902110e-14
9940.00 1.450325e-14
9945.00 0.000000e+00
9950.00 0.000000e+00
9955.00 0.000000e+00
9960.00 0.000000e+00
9965.00 0.000000e+00
9970.00 0.000000e+00
9975.00 0.000000e+00
9980.00 0.000000e+00
9985.00 0.000000e+00
9990.00 0.000000e+00
9995.00 0.000000e+00
10005.00 3.488585e-14
10015.00 3.481622e-14
10025.00 3.474680e-14
10035.00 3.467758e-14
10045.00 3.460857e-14
10055.00 3.453977e-14
10065.00 3.447117e-14
10075.00 3.440277e-14
10085.00 3.433458e-14
10095.00 3.426659e-14
10105.00 3.419880e-14
10115.00 3.413122e-14
10125.00 3.406383e-14
10135.00 3.399664e-14
10145.00 3.392965e-14
10155.00 3.386286e-14
10165.00 3.379627e-14
10175.00 3.372987e-14
10185.00 3.366367e-14
10195.00 3.359766e-14
10205.00 3.353185e-14
10215.00 3.346623e-14
10225.00 3.340080e-14
10235.00 3.333557e-14
10245.00 3.327052e-14
10255.00 3.320567e-14
10265.00 3.314100e-14
10275.00 3.307652e-14
10285.00 3.301224e-14
10295.00 3.294813e-14
10305.00 3.288422e-14
10315.00 3.282049e-14
10325.00 3.275695e-14
10335.00 3.269359e-14
10345.00 3.263041e-14
10355.00 3.256742e-14
10365.00 3.250461e-14
10375.00 3.244198e-14
10385.00 3.237953e-14
10395.00 3.231726e-14
10405.00 3.225517e-14
10415.00 3.219326e-14
10425.00 3.213153e-14
10435.00 3.206998e-14
10445.00 3.200860e-14
10455.00 3.194740e-14
10465.00 3.188637e-14
10475.00 3.182552e-14
10485.00 3.176484e-14
10495.00 3.170433e-14
10505.00 3.164400e-14
10515.00 3.158384e-14
10525.00 3.152386e-14
10535.00 3.146404e-14
10545.00 3.140439e-14
10555.00 3.134491e-14
10565.00 3.128560e-14
10575.00 3.122646e-14
10585.00 3.116749e-14
10595.00 3.110868e-14
10605.00 3.105004e-14
10615.00 3.099157e-14
10625.00 3.093326e-14
10635.00 3.087511e-14
10645.00 3.081713e-14
10655.00 3.075931e-14
10665.00 3.070166e-14
10675.00 3.064416e-14
10685.00 3.058683e-14
10695.00 3.052966e-14
10705.00 3.047265e-14
10715.00 3.041580e-14
10725.00 3.035910e-14
10735.00 3.030257e-14
10745.00 3.024619e-14
10755.00 3.018997e-14
10765.00 3.013391e-14
10775.00 3.007800e-14
10785.00 3.002225e-14
10795.00 2.996665e-14
10805.00 2.991121e-14
10815.00 2.985592e-14
10825.00 2.980079e-14
10835.00 2.974580e-14
10845.00 2.969097e-14
10855.00 2.963629e-14
10865.00 2.958176e-14
10875.00 2.952739e-14
10885.00 2.947316e-14
10895.00 2.941908e-14
10905.00 2.936515e-14
10915.00 2.931137e-14
10925.00 2.925773e-14
10935.00 2.920424e-14
10945.00 2.915090e-14
10955.00 2.909771e-14
10965.00 2.904466e-14
10975.00 2.899175e-14
10985.00 2.893899e-14
10995.00 2.888638e-14
11005.00 2.883390e-14
